task,seed,lambda,lambda_max_fraction,mask_id,selected_groups,cost,objective,kkt_residual,iterations,converged
synthetic_cheap_signal,51966,0.1563074196417814,1.05,0,[],0.0,0.6717046350405175,5.4744451909668915e-08,18,True
synthetic_cheap_signal,51966,0.13628106199661416,0.9154723136264682,1,[0],10.0,0.6707215442653492,8.868666542042341e-08,15,True
synthetic_cheap_signal,51966,0.1188205134566786,0.7981805304919987,1,[0],10.0,0.665995652946799,5.688846480289627e-08,18,True
synthetic_cheap_signal,51966,0.10359703843854327,0.6959163589915349,1,[0],10.0,0.6584931158748504,6.248999582216039e-08,20,True
synthetic_cheap_signal,51966,0.09032401948969845,0.6067544373871318,3,"[0, 1]",30.0,0.649159837406857,7.47283223453075e-08,22,True
synthetic_cheap_signal,51966,0.07875156104597758,0.5290160843789748,3,"[0, 1]",30.0,0.6377625857893507,9.937710557180665e-08,24,True
synthetic_cheap_signal,51966,0.06866178456424489,0.46123769401146186,3,"[0, 1]",30.0,0.6246298266672349,8.506886533312237e-08,27,True
synthetic_cheap_signal,51966,0.059864726450239415,0.4021431798746762,3,"[0, 1]",30.0,0.6104985100912703,8.293744353039077e-08,30,True
synthetic_cheap_signal,51966,0.052194761550491714,0.35061994979902356,3,"[0, 1]",30.0,0.5959196505681575,8.874491311263622e-08,33,True
synthetic_cheap_signal,51966,0.045507484872200445,0.3056979587105792,3,"[0, 1]",30.0,0.5813048831722395,7.303972713792445e-08,37,True
synthetic_cheap_signal,51966,0.03967699282216652,0.26653144526825,3,"[0, 1]",30.0,0.5669591393521368,8.853568806406841e-08,40,True
synthetic_cheap_signal,51966,0.03459351277776147,0.23238300843231538,3,"[0, 1]",30.0,0.553104345647973,8.301225586679608e-08,44,True
synthetic_cheap_signal,51966,0.030161336361070566,0.2026097241685818,3,"[0, 1]",30.0,0.5398971454063666,8.084199217618639e-08,48,True
synthetic_cheap_signal,51966,0.026297017505271796,0.17665104090269723,3,"[0, 1]",30.0,0.5274425353464278,9.958948320218397e-08,51,True
synthetic_cheap_signal,51966,0.022927801387644678,0.15401822582830108,3,"[0, 1]",30.0,0.5158046291288458,9.701690884611988e-08,55,True
synthetic_cheap_signal,51966,0.019990254650204965,0.13428516337112248,3,"[0, 1]",30.0,0.5050153323147254,9.384174575262078e-08,59,True
synthetic_cheap_signal,51966,0.017429071118671816,0.11708033256863788,3,"[0, 1]",30.0,0.4950814412600061,8.943217806700393e-08,63,True
synthetic_cheap_signal,51966,0.015196030534638805,0.10207981232073073,3,"[0, 1]",30.0,0.48599050594887916,9.814791437710457e-08,66,True
synthetic_cheap_signal,51966,0.013249090696651658,0.08900118281887143,3,"[0, 1]",30.0,0.47771568823811356,8.873952509218537e-08,70,True
synthetic_cheap_signal,51966,0.011551595917629148,0.07759820833398522,3,"[0, 1]",30.0,0.4702197796658283,9.043835537958696e-08,73,True
synthetic_cheap_signal,51966,0.0100715868959905,0.06765620125407824,3,"[0, 1]",30.0,0.4634585018626027,8.868500776140836e-08,76,True
synthetic_cheap_signal,51966,0.008781199007202325,0.05898798008880854,3,"[0, 1]",30.0,0.45738318777583975,9.55553431680074e-08,78,True
synthetic_cheap_signal,51966,0.007656137687179006,0.05143034534100341,51,"[0, 1, 4, 5]",260.0,0.4519354088873127,9.916865782269648e-08,80,True
synthetic_cheap_signal,51966,0.006675221030404344,0.04484100689517775,55,"[0, 1, 2, 4, 5]",295.0,0.4470231149783178,9.774152939469323e-08,82,True
synthetic_cheap_signal,51966,0.005819980991116499,0.03909590507397029,55,"[0, 1, 2, 4, 5]",295.0,0.44259881615657026,9.510019391030638e-08,84,True
synthetic_cheap_signal,51966,0.005074315679237606,0.03408687492513176,63,"[0, 1, 2, 3, 4, 5]",355.0,0.4386237831416331,9.259443799993065e-08,86,True
synthetic_cheap_signal,51966,0.004424186204707346,0.02971960976381563,63,"[0, 1, 2, 3, 4, 5]",355.0,0.43505850382378713,9.610718573653141e-08,87,True
synthetic_cheap_signal,51966,0.0038573523626073704,0.025911885629101027,63,"[0, 1, 2, 3, 4, 5]",355.0,0.43187196858723476,9.668531515107723e-08,88,True
synthetic_cheap_signal,51966,0.0033631421827320877,0.022592013225997663,63,"[0, 1, 2, 3, 4, 5]",355.0,0.4290327406565167,9.469715792467657e-08,89,True
synthetic_cheap_signal,51966,0.002932251004838585,0.019697488207127474,63,"[0, 1, 2, 3, 4, 5]",355.0,0.4265098173556271,9.056929166619837e-08,90,True
synthetic_cheap_signal,51966,0.0025565662966982048,0.017173814382484817,63,"[0, 1, 2, 3, 4, 5]",355.0,0.42427328174903833,9.374678525247831e-08,90,True
synthetic_cheap_signal,51966,0.002229014916740722,0.014973477701452282,63,"[0, 1, 2, 3, 4, 5]",355.0,0.42229474833631575,9.493871987084633e-08,90,True
synthetic_cheap_signal,51966,0.0019434299456538456,0.013055051689888427,63,"[0, 1, 2, 3, 4, 5]",355.0,0.42054764393625266,9.432667476514976e-08,90,True
synthetic_cheap_signal,51966,0.001694434579732083,0.011382417500052658,63,"[0, 1, 2, 3, 4, 5]",355.0,0.4190073608913312,9.216800928379823e-08,90,True
synthetic_cheap_signal,51966,0.0014773408999962127,0.0099240838889863,63,"[0, 1, 2, 3, 4, 5]",355.0,0.41765131414564904,9.759543894817708e-08,89,True
synthetic_cheap_signal,51966,0.0012880616111757533,0.008652594322355657,63,"[0, 1, 2, 3, 4, 5]",355.0,0.41645892808482954,9.271306023364437e-08,89,True
synthetic_cheap_signal,51966,0.0011230330888347651,0.0075440100411030275,63,"[0, 1, 2, 3, 4, 5]",355.0,0.4154115738605665,9.562284986282544e-08,88,True
synthetic_cheap_signal,51966,0.0009791482858234684,0.006577459358428474,63,"[0, 1, 2, 3, 4, 5]",355.0,0.4144924734485305,9.755096338381887e-08,87,True
synthetic_cheap_signal,51966,0.0008536982348630481,0.005734744701566264,63,"[0, 1, 2, 3, 4, 5]",355.0,0.4136865829389401,9.857997324851883e-08,86,True
synthetic_cheap_signal,51966,0.0007443210459132447,0.005,63,"[0, 1, 2, 3, 4, 5]",355.0,0.41298046448303305,9.88082653021273e-08,85,True
synthetic_cheap_signal,51966,0.0,0.0,63,"[0, 1, 2, 3, 4, 5]",355.0,0.4080876191774897,9.892460707707599e-08,110,True
synthetic_expensive_signal,51966,0.1673308212383577,1.05,0,[],0.0,0.680530754550748,5.6190283466892174e-08,17,True
synthetic_expensive_signal,51966,0.14589212767628218,0.9154723136264682,16,[4],90.0,0.6796014635776263,8.055283458451559e-08,12,True
synthetic_expensive_signal,51966,0.127200193965423,0.7981805304919988,16,[4],90.0,0.6751558356439858,7.572678458267323e-08,14,True
synthetic_expensive_signal,51966,0.11090310082215361,0.6959163589915349,16,[4],90.0,0.6681290418673651,9.758844210081083e-08,15,True
synthetic_expensive_signal,51966,0.0966940174266728,0.6067544373871318,16,[4],90.0,0.6594336875929087,9.217622848990428e-08,17,True
synthetic_expensive_signal,51966,0.084305424616604,0.5290160843789748,16,[4],90.0,0.6497438933701838,8.999320974001198e-08,19,True
synthetic_expensive_signal,51966,0.07350407821430881,0.4612376940114618,20,"[2, 4]",125.0,0.638829726923291,6.039917065013517e-08,22,True
synthetic_expensive_signal,51966,0.06408661766079445,0.4021431798746762,20,"[2, 4]",125.0,0.6264396430391005,8.510953967233653e-08,24,True
synthetic_expensive_signal,51966,0.055875737278497484,0.35061994979902356,20,"[2, 4]",125.0,0.6132265144807894,7.643560184077993e-08,27,True
synthetic_expensive_signal,51966,0.04871684807802931,0.3056979587105792,20,"[2, 4]",125.0,0.5996887754815188,7.380067929586456e-08,30,True
synthetic_expensive_signal,51966,0.042475167259602535,0.26653144526825,20,"[2, 4]",125.0,0.5862012158712058,7.426074393801063e-08,33,True
synthetic_expensive_signal,51966,0.03703318061220909,0.23238300843231544,20,"[2, 4]",125.0,0.5730403037304783,7.618011547603752e-08,36,True
synthetic_expensive_signal,51966,0.032288430034291354,0.2026097241685818,20,"[2, 4]",125.0,0.5604041316732075,7.842308798423611e-08,39,True
synthetic_expensive_signal,51966,0.02815158452081814,0.17665104090269723,20,"[2, 4]",125.0,0.5484284840314446,8.010170200769596e-08,42,True
synthetic_expensive_signal,51966,0.024544758298594718,0.15401822582830108,20,"[2, 4]",125.0,0.5371999095709765,8.053174160752814e-08,45,True
synthetic_expensive_signal,51966,0.02140004444477805,0.13428516337112248,20,"[2, 4]",125.0,0.5267664080123936,7.926132749933677e-08,48,True
synthetic_expensive_signal,51966,0.01865823638054306,0.11708033256863788,20,"[2, 4]",125.0,0.5171461835958758,9.455144983809774e-08,50,True
synthetic_expensive_signal,51966,0.016267713169033617,0.10207981232073073,20,"[2, 4]",125.0,0.5083348143339469,8.722746018066507e-08,53,True
synthetic_expensive_signal,51966,0.014183467630730445,0.08900118281887143,20,"[2, 4]",125.0,0.5003111092211296,9.506210541079927e-08,55,True
synthetic_expensive_signal,51966,0.01236625897823897,0.07759820833398522,20,"[2, 4]",125.0,0.4930418691910083,9.89663277959873e-08,57,True
synthetic_expensive_signal,51966,0.010781874016869065,0.06765620125407824,20,"[2, 4]",125.0,0.48648572621229563,9.884321108698158e-08,59,True
synthetic_expensive_signal,51966,0.009400483001383072,0.05898798008880854,20,"[2, 4]",125.0,0.48059620474794124,9.507985004539448e-08,61,True
synthetic_expensive_signal,51966,0.008196078021411852,0.051430345341003415,30,"[1, 2, 3, 4]",205.0,0.4753184693014832,8.971613942795353e-08,63,True
synthetic_expensive_signal,51966,0.007145983341833288,0.04484100689517775,62,"[1, 2, 3, 4, 5]",345.0,0.4705704205269502,9.925497079030222e-08,64,True
synthetic_expensive_signal,51966,0.006230428479127928,0.03909590507397029,62,"[1, 2, 3, 4, 5]",345.0,0.4662917147258421,8.978396910605496e-08,66,True
synthetic_expensive_signal,51966,0.0054321759758776,0.03408687492513176,62,"[1, 2, 3, 4, 5]",345.0,0.4624492144862804,9.185824435383523e-08,67,True
synthetic_expensive_signal,51966,0.004736196865393127,0.02971960976381563,63,"[0, 1, 2, 3, 4, 5]",355.0,0.45900535418150235,9.625852000156202e-08,68,True
synthetic_expensive_signal,51966,0.004129387716335118,0.025911885629101027,63,"[0, 1, 2, 3, 4, 5]",355.0,0.4559224654985203,9.409516965601483e-08,69,True
synthetic_expensive_signal,51966,0.0036003239300324073,0.022592013225997663,63,"[0, 1, 2, 3, 4, 5]",355.0,0.45317167912623674,8.940009061273507e-08,70,True
synthetic_expensive_signal,51966,0.0031390446457442915,0.019697488207127474,63,"[0, 1, 2, 3, 4, 5]",355.0,0.45072428179702534,9.478884624067586e-08,70,True
synthetic_expensive_signal,51966,0.002736865204206003,0.017173814382484817,63,"[0, 1, 2, 3, 4, 5]",355.0,0.4485523131727374,9.805875841168443e-08,70,True
synthetic_expensive_signal,51966,0.0023862136386459494,0.01497347770145228,63,"[0, 1, 2, 3, 4, 5]",355.0,0.44662904859064695,9.927379945868997e-08,70,True
synthetic_expensive_signal,51966,0.002080488114836419,0.013055051689888427,63,"[0, 1, 2, 3, 4, 5]",355.0,0.4449293191391959,9.861925399147692e-08,70,True
synthetic_expensive_signal,51966,0.0018139326361539673,0.011382417500052658,63,"[0, 1, 2, 3, 4, 5]",355.0,0.44342970205410237,9.635862028012814e-08,70,True
synthetic_expensive_signal,51966,0.0015815286735070782,0.0099240838889863,63,"[0, 1, 2, 3, 4, 5]",355.0,0.44210861131469065,9.279451019085222e-08,70,True
synthetic_expensive_signal,51966,0.001378900679811546,0.008652594322355657,63,"[0, 1, 2, 3, 4, 5]",355.0,0.44094631380557175,9.96785419713383e-08,69,True
synthetic_expensive_signal,51966,0.0012022337101030346,0.007544010041103028,63,"[0, 1, 2, 3, 4, 5]",355.0,0.43992489180612204,9.3645350417627e-08,69,True
synthetic_expensive_signal,51966,0.001048201596293103,0.006577459358428475,63,"[0, 1, 2, 3, 4, 5]",355.0,0.4390281683718151,9.82505028755694e-08,68,True
synthetic_expensive_signal,51966,0.0009139043242908605,0.005734744701566264,63,"[0, 1, 2, 3, 4, 5]",355.0,0.43824160853613553,9.059955356933325e-08,68,True
synthetic_expensive_signal,51966,0.00079681343446837,0.005,63,"[0, 1, 2, 3, 4, 5]",355.0,0.43755220621900587,9.338426418616751e-08,67,True
synthetic_expensive_signal,51966,0.0,0.0,63,"[0, 1, 2, 3, 4, 5]",355.0,0.43276961348195425,9.686251138088741e-08,86,True
synthetic_free_signal,51966,0.011567515162970146,1.05,0,[],0.0,0.4710633393822532,8.707699953646183e-08,78,True
synthetic_free_signal,51966,0.010085466542050983,0.9154723136264682,48,"[4, 5]",230.0,0.47104985847881375,9.617590868980036e-08,29,True
synthetic_free_signal,51966,0.008793300370717856,0.7981805304919986,52,"[2, 4, 5]",265.0,0.47096539724546915,8.881387368783949e-08,38,True
synthetic_free_signal,51966,0.0076666886045652916,0.6959163589915349,53,"[0, 2, 4, 5]",275.0,0.4708137045681229,8.701660278612591e-08,41,True
synthetic_free_signal,51966,0.006684420147309587,0.6067544373871318,61,"[0, 2, 3, 4, 5]",335.0,0.4706078683464584,9.938483799361865e-08,41,True
synthetic_free_signal,51966,0.005828001502389415,0.5290160843789748,61,"[0, 2, 3, 4, 5]",335.0,0.470357950541897,8.767236484761691e-08,42,True
synthetic_free_signal,51966,0.005081308589724733,0.46123769401146186,63,"[0, 1, 2, 3, 4, 5]",355.0,0.47008145069411417,9.316839696254279e-08,42,True
synthetic_free_signal,51966,0.0044302831722717595,0.4021431798746762,63,"[0, 1, 2, 3, 4, 5]",355.0,0.4697889010294677,9.912734884218981e-08,42,True
synthetic_free_signal,51966,0.003862668176895273,0.35061994979902356,63,"[0, 1, 2, 3, 4, 5]",355.0,0.4694931690592532,9.20627025222066e-08,43,True
synthetic_free_signal,51966,0.003367776926355854,0.3056979587105792,63,"[0, 1, 2, 3, 4, 5]",355.0,0.4692038504254424,9.595241552213776e-08,43,True
synthetic_free_signal,51966,0.002936291937665552,0.26653144526825,63,"[0, 1, 2, 3, 4, 5]",355.0,0.46892727513821353,9.656534273332735e-08,43,True
synthetic_free_signal,51966,0.00256008949872136,0.2323830084323154,63,"[0, 1, 2, 3, 4, 5]",355.0,0.46866736750709936,9.473545188207743e-08,43,True
synthetic_free_signal,51966,0.0022320867204621607,0.20260972416858178,63,"[0, 1, 2, 3, 4, 5]",355.0,0.4684263020352957,9.115196027007898e-08,43,True
synthetic_free_signal,51966,0.0019461081849489617,0.17665104090269723,63,"[0, 1, 2, 3, 4, 5]",355.0,0.4682050011924199,8.6370134739561e-08,43,True
synthetic_free_signal,51966,0.0016967696787072695,0.15401822582830108,63,"[0, 1, 2, 3, 4, 5]",355.0,0.4680035109010217,9.526455732168236e-08,42,True
synthetic_free_signal,51966,0.0014793768223403643,0.13428516337112248,63,"[0, 1, 2, 3, 4, 5]",355.0,0.46782128166290604,8.823428985184539e-08,42,True
synthetic_free_signal,51966,0.0012898366878793391,0.11708033256863788,63,"[0, 1, 2, 3, 4, 5]",355.0,0.4676573770928461,9.542144127613307e-08,41,True
synthetic_free_signal,51966,0.0011245807398601898,0.10207981232073071,63,"[0, 1, 2, 3, 4, 5]",355.0,0.4675106268337737,8.698575987366118e-08,41,True
synthetic_free_signal,51966,0.0009804976493138792,0.08900118281887141,63,"[0, 1, 2, 3, 4, 5]",355.0,0.467379737085461,9.27581881264931e-08,40,True
synthetic_free_signal,51966,0.0008548747157358956,0.07759820833398522,63,"[0, 1, 2, 3, 4, 5]",355.0,0.4672633690394756,9.837862886398394e-08,39,True
synthetic_free_signal,51966,0.0007453467941671523,0.06765620125407824,63,"[0, 1, 2, 3, 4, 5]",355.0,0.4671601932016851,8.826152564748295e-08,39,True
synthetic_free_signal,51966,0.0006498517658193085,0.05898798008880854,63,"[0, 1, 2, 3, 4, 5]",355.0,0.46706892576116427,9.276572124763508e-08,38,True
synthetic_free_signal,51966,0.0005665917138750933,0.051430345341003415,63,"[0, 1, 2, 3, 4, 5]",355.0,0.4669883517322908,9.717933031580258e-08,37,True
synthetic_free_signal,51966,0.0004939990735074452,0.04484100689517775,63,"[0, 1, 2, 3, 4, 5]",355.0,0.46691733847593964,8.632066914068165e-08,37,True
synthetic_free_signal,51966,0.00043070711881256456,0.03909590507397029,63,"[0, 1, 2, 3, 4, 5]",355.0,0.4668548423308458,8.988527171262539e-08,36,True
synthetic_free_signal,51966,0.0003755242310045033,0.03408687492513176,63,"[0, 1, 2, 3, 4, 5]",355.0,0.46679991040853014,9.341890665701045e-08,35,True
synthetic_free_signal,51966,0.00032741146340999327,0.029719609763815633,63,"[0, 1, 2, 3, 4, 5]",355.0,0.4667516790835269,9.689703325546572e-08,34,True
synthetic_free_signal,51966,0.00028546298087216604,0.025911885629101024,63,"[0, 1, 2, 3, 4, 5]",355.0,0.46670937030962645,8.540244985247107e-08,34,True
synthetic_free_signal,51966,0.00024888900528928574,0.02259201322599766,63,"[0, 1, 2, 3, 4, 5]",355.0,0.4666722865887365,8.824450708543224e-08,33,True
synthetic_free_signal,51966,0.0002170009461984502,0.019697488207127474,63,"[0, 1, 2, 3, 4, 5]",355.0,0.4666398051876684,9.11237693979207e-08,32,True
synthetic_free_signal,51966,0.00018919843645278847,0.017173814382484817,63,"[0, 1, 2, 3, 4, 5]",355.0,0.4666113720256799,9.399000701359051e-08,31,True
synthetic_free_signal,51966,0.00016495802890851871,0.014973477701452282,63,"[0, 1, 2, 3, 4, 5]",355.0,0.4665864955254325,9.685045873774545e-08,30,True
synthetic_free_signal,51966,0.00014382334131061278,0.013055051689888427,63,"[0, 1, 2, 3, 4, 5]",355.0,0.4665647406248054,9.971227671240662e-08,29,True
synthetic_free_signal,51966,0.0001253964638315389,0.011382417500052656,63,"[0, 1, 2, 3, 4, 5]",355.0,0.46654572307666403,8.744368323836023e-08,29,True
synthetic_free_signal,51966,0.00010933046748993977,0.0099240838889863,63,"[0, 1, 2, 3, 4, 5]",355.0,0.46652910411303367,8.976687376350135e-08,28,True
synthetic_free_signal,51966,9.532287240274139e-05,0.008652594322355657,63,"[0, 1, 2, 3, 4, 5]",355.0,0.46651458551325325,9.224380817410075e-08,27,True
synthetic_free_signal,51966,8.310995289529363e-05,0.0075440100411030275,63,"[0, 1, 2, 3, 4, 5]",355.0,0.46650190509106826,9.47449804653915e-08,26,True
synthetic_free_signal,51966,7.246177224994407e-05,0.006577459358428474,63,"[0, 1, 2, 3, 4, 5]",355.0,0.46649083259726043,9.72743784315609e-08,25,True
synthetic_free_signal,51966,6.317785361060045e-05,0.005734744701566265,63,"[0, 1, 2, 3, 4, 5]",355.0,0.4664811660233485,9.983771030312735e-08,24,True
synthetic_free_signal,51966,5.508340553795308e-05,0.005,63,"[0, 1, 2, 3, 4, 5]",355.0,0.46647272828442415,8.752082761457975e-08,24,True
synthetic_free_signal,51966,0.0,0.0,63,"[0, 1, 2, 3, 4, 5]",355.0,0.4664150695086567,8.661800453241416e-08,36,True
synthetic_cheap_signal,51967,0.14904443396542447,1.05,0,[],0.0,0.6689081819737956,4.912136927075048e-08,18,True
synthetic_cheap_signal,51967,0.1299486217099757,0.9154723136264681,1,[0],10.0,0.6679451436685219,5.383827099519901e-08,17,True
synthetic_cheap_signal,51967,0.11329939558990683,0.7981805304919987,1,[0],10.0,0.6633216497842285,7.473471112464239e-08,19,True
synthetic_cheap_signal,51967,0.09878329506016424,0.6959163589915349,3,"[0, 1]",30.0,0.655937582802005,7.687481980029835e-08,21,True
synthetic_cheap_signal,51967,0.08612702064416632,0.6067544373871318,3,"[0, 1]",30.0,0.6454895462885285,9.003603768891952e-08,23,True
synthetic_cheap_signal,51967,0.07509228843320909,0.5290160843789748,3,"[0, 1]",30.0,0.6325659865875985,7.483276579150487e-08,26,True
synthetic_cheap_signal,51967,0.06547134383567237,0.46123769401146186,3,"[0, 1]",30.0,0.6181055242688218,7.363098277008328e-08,29,True
synthetic_cheap_signal,51967,0.057083050111882847,0.4021431798746762,3,"[0, 1]",30.0,0.6028093658420745,8.158791865502644e-08,32,True
synthetic_cheap_signal,51967,0.04976947805217239,0.35061994979902356,3,"[0, 1]",30.0,0.5872037813524166,9.748783522522159e-08,35,True
synthetic_cheap_signal,51967,0.04339293259086093,0.3056979587105792,3,"[0, 1]",30.0,0.5716822883522553,8.996615471370235e-08,39,True
synthetic_cheap_signal,51967,0.03783336037523127,0.26653144526825,3,"[0, 1]",30.0,0.5565355356209395,8.949164461037383e-08,43,True
synthetic_cheap_signal,51967,0.032986089480930396,0.23238300843231544,3,"[0, 1]",30.0,0.5419733909161287,9.29870077368659e-08,47,True
synthetic_cheap_signal,51967,0.028759858718663864,0.2026097241685818,3,"[0, 1]",30.0,0.5281418444714754,9.859432303080496e-08,51,True
synthetic_cheap_signal,51967,0.025075099429281482,0.17665104090269723,3,"[0, 1]",30.0,0.5151362932565818,8.587079465997454e-08,56,True
synthetic_cheap_signal,51967,0.021862437418036243,0.15401822582830108,3,"[0, 1]",30.0,0.5030121837053502,9.207900542789062e-08,60,True
synthetic_cheap_signal,51967,0.019061386823431906,0.13428516337112248,3,"[0, 1]",30.0,0.4917936526596509,9.685122779646253e-08,64,True
synthetic_cheap_signal,51967,0.0166192113296917,0.11708033256863788,3,"[0, 1]",30.0,0.48148060383354035,9.942024560167454e-08,68,True
synthetic_cheap_signal,51967,0.014489931282514357,0.10207981232073073,3,"[0, 1]",30.0,0.4720545299287092,9.930023784650476e-08,72,True
synthetic_cheap_signal,51967,0.012633458014754241,0.08900118281887143,7,"[0, 1, 2]",65.0,0.4634591981022706,9.754443705789122e-08,76,True
synthetic_cheap_signal,51967,0.01101483908368563,0.07759820833398522,7,"[0, 1, 2]",65.0,0.45562506859142843,9.341127499846389e-08,80,True
synthetic_cheap_signal,51967,0.00960360020968089,0.06765620125407824,15,"[0, 1, 2, 3]",125.0,0.44851799772105877,9.930793007843232e-08,83,True
synthetic_cheap_signal,51967,0.008373171526762093,0.05898798008880853,15,"[0, 1, 2, 3]",125.0,0.4420722830809614,9.195138133434912e-08,87,True
synthetic_cheap_signal,51967,0.0073003873428534845,0.05143034534100341,15,"[0, 1, 2, 3]",125.0,0.43623924744512216,9.194836187799446e-08,90,True
synthetic_cheap_signal,51967,0.006365049991553774,0.04484100689517775,31,"[0, 1, 2, 3, 4]",215.0,0.43097630158315775,9.819292894172181e-08,92,True
synthetic_cheap_signal,51967,0.005549549563919874,0.03909590507397029,31,"[0, 1, 2, 3, 4]",215.0,0.42623992992229354,9.132574758335956e-08,95,True
synthetic_cheap_signal,51967,0.0048385323608252226,0.03408687492513176,63,"[0, 1, 2, 3, 4, 5]",355.0,0.4219888409256173,9.256818612133081e-08,97,True
synthetic_cheap_signal,51967,0.004218611823734479,0.029719609763815626,63,"[0, 1, 2, 3, 4, 5]",355.0,0.41818060680862407,9.935078696873083e-08,98,True
synthetic_cheap_signal,51967,0.0036781165014915995,0.025911885629101027,63,"[0, 1, 2, 3, 4, 5]",355.0,0.4147799098149219,9.382661206913981e-08,100,True
synthetic_cheap_signal,51967,0.0032068703080078143,0.022592013225997663,63,"[0, 1, 2, 3, 4, 5]",355.0,0.41175174866314307,9.467070619376729e-08,101,True
synthetic_cheap_signal,51967,0.0027960009336875603,0.019697488207127474,63,"[0, 1, 2, 3, 4, 5]",355.0,0.40906210750304256,9.303194355666983e-08,102,True
synthetic_cheap_signal,51967,0.0024377728034902053,0.017173814382484817,63,"[0, 1, 2, 3, 4, 5]",355.0,0.4066784835539268,9.748045164142685e-08,102,True
synthetic_cheap_signal,51967,0.0021254414366732007,0.014973477701452284,63,"[0, 1, 2, 3, 4, 5]",355.0,0.40457024209734543,9.976231643980458e-08,102,True
synthetic_cheap_signal,51967,0.001853126466198837,0.013055051689888427,63,"[0, 1, 2, 3, 4, 5]",355.0,0.40270883283426145,9.190072579412975e-08,103,True
synthetic_cheap_signal,51967,0.0016157009270985623,0.011382417500052658,63,"[0, 1, 2, 3, 4, 5]",355.0,0.4010678973480104,9.84944649505677e-08,102,True
synthetic_cheap_signal,51967,0.0014086947293898585,0.0099240838889863,63,"[0, 1, 2, 3, 4, 5]",355.0,0.39962329319994516,9.549148223796408e-08,102,True
synthetic_cheap_signal,51967,0.0012282104981980425,0.008652594322355657,63,"[0, 1, 2, 3, 4, 5]",355.0,0.39835305616126077,9.909476086264184e-08,101,True
synthetic_cheap_signal,51967,0.0010708501965768374,0.007544010041103027,63,"[0, 1, 2, 3, 4, 5]",355.0,0.39723731832555265,9.358449572569141e-08,101,True
synthetic_cheap_signal,51967,0.0009336511495310058,0.006577459358428475,63,"[0, 1, 2, 3, 4, 5]",355.0,0.39625819643367066,9.478412269084619e-08,100,True
synthetic_cheap_signal,51967,0.0008140302647439628,0.005734744701566264,63,"[0, 1, 2, 3, 4, 5]",355.0,0.3953996617204257,9.50383260169303e-08,99,True
synthetic_cheap_signal,51967,0.0007097353998353547,0.005,63,"[0, 1, 2, 3, 4, 5]",355.0,0.39464739999839443,9.44666123251683e-08,98,True
synthetic_cheap_signal,51967,0.0,0.0,63,"[0, 1, 2, 3, 4, 5]",355.0,0.38943411280946416,9.659384868644328e-08,127,True
synthetic_expensive_signal,51967,0.161826715923277,1.05,0,[],0.0,0.6743172745058382,8.33442846232088e-08,17,True
synthetic_expensive_signal,51967,0.1410932171741482,0.9154723136264682,16,[4],90.0,0.6734419741587176,4.918278418504407e-08,12,True
synthetic_expensive_signal,51967,0.12301612758420875,0.7981805304919987,16,[4],90.0,0.6692473150286844,5.7007487688180834e-08,14,True
synthetic_expensive_signal,51967,0.10725510374560415,0.6959163589915349,16,[4],90.0,0.6626048525287811,4.522621138753605e-08,16,True
synthetic_expensive_signal,51967,0.09351340759450964,0.6067544373871318,16,[4],90.0,0.6543725886201431,9.916004296474303e-08,17,True
synthetic_expensive_signal,51967,0.0815323196244197,0.5290160843789748,16,[4],90.0,0.6451883251531322,9.696367151166762e-08,19,True
synthetic_expensive_signal,51967,0.071086267887524,0.46123769401146186,20,"[2, 4]",125.0,0.6348253676464206,8.143533492967222e-08,22,True
synthetic_expensive_signal,51967,0.06197858107625,0.4021431798746762,20,"[2, 4]",125.0,0.6229974174491284,7.149774075660143e-08,25,True
synthetic_expensive_signal,51967,0.054037785726819255,0.35061994979902356,20,"[2, 4]",125.0,0.6103335168753755,6.783167219171023e-08,28,True
synthetic_expensive_signal,51967,0.04711437783103101,0.3056979587105792,20,"[2, 4]",125.0,0.5973199686705043,6.793649765218543e-08,31,True
synthetic_expensive_signal,51967,0.041078008074329084,0.26653144526825,20,"[2, 4]",125.0,0.5843253173971568,9.930942129658632e-08,33,True
synthetic_expensive_signal,51967,0.03581502770568837,0.2323830084323154,20,"[2, 4]",125.0,0.5716232240152944,7.307158475647656e-08,37,True
synthetic_expensive_signal,51967,0.031226348834592948,0.2026097241685818,20,"[2, 4]",125.0,0.5594110333800191,7.608326179132947e-08,40,True
synthetic_expensive_signal,51967,0.027225578870201873,0.17665104090269723,20,"[2, 4]",125.0,0.5478250108896278,7.832504324891132e-08,43,True
synthetic_expensive_signal,51967,0.023737393979165335,0.15401822582830108,20,"[2, 4]",125.0,0.5369529006252981,7.917903275340379e-08,46,True
synthetic_expensive_signal,51967,0.020696120938637597,0.13428516337112248,20,"[2, 4]",125.0,0.5268442949230163,9.81242757189204e-08,48,True
synthetic_expensive_signal,51967,0.018044500684559768,0.11708033256863788,20,"[2, 4]",125.0,0.5175191968063805,9.309156436240276e-08,51,True
synthetic_expensive_signal,51967,0.01573261027612221,0.10207981232073073,20,"[2, 4]",125.0,0.5089750763193823,8.6108931550424e-08,54,True
synthetic_expensive_signal,51967,0.013716922979871569,0.08900118281887143,20,"[2, 4]",125.0,0.5011926614276092,9.362678670331937e-08,56,True
synthetic_expensive_signal,51967,0.011959488777351514,0.07759820833398522,20,"[2, 4]",125.0,0.4941406591628255,9.728926543519068e-08,58,True
synthetic_expensive_signal,51967,0.010427219867420739,0.06765620125407824,21,"[0, 2, 4]",135.0,0.4877794793957364,9.70352613944965e-08,60,True
synthetic_expensive_signal,51967,0.009091267711161465,0.05898798008880854,21,"[0, 2, 4]",135.0,0.4820413423547516,9.377098007639026e-08,62,True
synthetic_expensive_signal,51967,0.007926479890794848,0.05143034534100341,21,"[0, 2, 4]",135.0,0.4768700215949491,8.808569342737543e-08,64,True
synthetic_expensive_signal,51967,0.006910926556704413,0.04484100689517775,21,"[0, 2, 4]",135.0,0.47222818069692984,9.351442467602461e-08,65,True
synthetic_expensive_signal,51967,0.006025487546827422,0.03909590507397029,29,"[0, 2, 3, 4]",195.0,0.4680752374217214,9.566254739396656e-08,66,True
synthetic_expensive_signal,51967,0.005253492404972924,0.03408687492513176,29,"[0, 2, 3, 4]",195.0,0.4643661527064757,9.436296356858568e-08,67,True
synthetic_expensive_signal,51967,0.004580406520571087,0.02971960976381563,31,"[0, 1, 2, 3, 4]",215.0,0.4610575444407311,9.055724049983713e-08,68,True
synthetic_expensive_signal,51967,0.003993557480701881,0.025911885629101027,63,"[0, 1, 2, 3, 4, 5]",355.0,0.4581087116646352,9.79587135421042e-08,68,True
synthetic_expensive_signal,51967,0.0034818964823413717,0.022592013225997663,63,"[0, 1, 2, 3, 4, 5]",355.0,0.4554852249817796,9.073215613886539e-08,69,True
synthetic_expensive_signal,51967,0.0030357903128542057,0.019697488207127474,63,"[0, 1, 2, 3, 4, 5]",355.0,0.4531552770377895,9.400854662190848e-08,69,True
synthetic_expensive_signal,51967,0.002646839982279485,0.017173814382484817,63,"[0, 1, 2, 3, 4, 5]",355.0,0.45109062234732533,9.540861323151595e-08,69,True
synthetic_expensive_signal,51967,0.0023077225927394676,0.014973477701452284,63,"[0, 1, 2, 3, 4, 5]",355.0,0.44926463252302357,9.50659014593684e-08,69,True
synthetic_expensive_signal,51967,0.0020120534677935922,0.01305505168988843,63,"[0, 1, 2, 3, 4, 5]",355.0,0.447652507588033,9.318808983507694e-08,69,True
synthetic_expensive_signal,51967,0.0017542659460011028,0.011382417500052658,63,"[0, 1, 2, 3, 4, 5]",355.0,0.4462313715554168,9.003033909185083e-08,69,True
synthetic_expensive_signal,51967,0.0015295065755254818,0.0099240838889863,63,"[0, 1, 2, 3, 4, 5]",355.0,0.4449802877085482,9.718563762925261e-08,68,True
synthetic_expensive_signal,51967,0.001333543736574484,0.008652594322355657,63,"[0, 1, 2, 3, 4, 5]",355.0,0.44388021911473197,9.155524153299858e-08,68,True
synthetic_expensive_signal,51967,0.001162687971279932,0.007544010041103027,63,"[0, 1, 2, 3, 4, 5]",355.0,0.442913952311986,9.647064875960382e-08,67,True
synthetic_expensive_signal,51967,0.0010137225210412424,0.006577459358428475,63,"[0, 1, 2, 3, 4, 5]",355.0,0.442065996986503,8.915234098442285e-08,67,True
synthetic_expensive_signal,51967,0.0008838427635360778,0.005734744701566264,63,"[0, 1, 2, 3, 4, 5]",355.0,0.4413224710801608,9.223205863055932e-08,66,True
synthetic_expensive_signal,51967,0.0007706034091584618,0.005,63,"[0, 1, 2, 3, 4, 5]",355.0,0.44067097839965547,9.468951379865435e-08,65,True
synthetic_expensive_signal,51967,0.0,0.0,63,"[0, 1, 2, 3, 4, 5]",355.0,0.43615591560656314,9.232113185561115e-08,84,True
synthetic_free_signal,51967,0.012725372138957174,1.05,0,[],0.0,0.47093610293952737,9.355421205623439e-08,75,True
synthetic_free_signal,51967,0.011094977022675164,0.9154723136264682,2,[1],20.0,0.47092896817609997,8.939377256396031e-08,30,True
synthetic_free_signal,51967,0.00967347074721994,0.7981805304919987,2,[1],20.0,0.4708953685558468,8.923525591886154e-08,34,True
synthetic_free_signal,51967,0.008434090138814665,0.6959163589915349,7,"[0, 1, 2]",65.0,0.4708233635730965,7.363739107618965e-08,30,True
synthetic_free_signal,51967,0.007353500964490326,0.6067544373871318,23,"[0, 1, 2, 4]",155.0,0.47069377757164066,9.641374858692261e-08,34,True
synthetic_free_signal,51967,0.006411358610682309,0.5290160843789748,55,"[0, 1, 2, 4, 5]",295.0,0.4705190052272709,8.943370184525907e-08,40,True
synthetic_free_signal,51967,0.005589925048390772,0.4612376940114618,63,"[0, 1, 2, 3, 4, 5]",355.0,0.47030501958467014,9.460437993545762e-08,42,True
synthetic_free_signal,51967,0.004873734873379855,0.4021431798746762,63,"[0, 1, 2, 3, 4, 5]",355.0,0.47005481092175483,9.548148063483963e-08,43,True
synthetic_free_signal,51967,0.004249304133842912,0.35061994979902356,63,"[0, 1, 2, 3, 4, 5]",355.0,0.46978629444379844,8.628632157548585e-08,44,True
synthetic_free_signal,51967,0.0037048764635349385,0.3056979587105792,63,"[0, 1, 2, 3, 4, 5]",355.0,0.4695131008766256,8.894941429464615e-08,44,True
synthetic_free_signal,51967,0.0032302017407357885,0.26653144526825,63,"[0, 1, 2, 3, 4, 5]",355.0,0.4692446731626585,8.897642726690388e-08,44,True
synthetic_free_signal,51967,0.002816343105782511,0.2323830084323154,63,"[0, 1, 2, 3, 4, 5]",355.0,0.46898730292764446,8.69944642177675e-08,44,True
synthetic_free_signal,51967,0.002455508703825399,0.2026097241685818,63,"[0, 1, 2, 3, 4, 5]",355.0,0.4687449396635167,9.917718572547388e-08,43,True
synthetic_free_signal,51967,0.00214090498497235,0.17665104090269723,63,"[0, 1, 2, 3, 4, 5]",355.0,0.4685198185253332,9.383661884065657e-08,43,True
synthetic_free_signal,51967,0.0018666087998543588,0.15401822582830108,63,"[0, 1, 2, 3, 4, 5]",355.0,0.46831294281521685,8.772185530423376e-08,43,True
synthetic_free_signal,51967,0.0016274558825125662,0.13428516337112248,63,"[0, 1, 2, 3, 4, 5]",355.0,0.46812445084165744,9.627605962917612e-08,42,True
synthetic_free_signal,51967,0.001418943621036938,0.1170803325686379,63,"[0, 1, 2, 3, 4, 5]",355.0,0.4679538917373641,8.835270664114383e-08,42,True
synthetic_free_signal,51967,0.001237146285386861,0.10207981232073073,63,"[0, 1, 2, 3, 4, 5]",355.0,0.46780043036476293,9.539318196420276e-08,41,True
synthetic_free_signal,51967,0.0010786411163595242,0.08900118281887143,63,"[0, 1, 2, 3, 4, 5]",355.0,0.46766299754689256,8.638635796719118e-08,41,True
synthetic_free_signal,51967,0.0009404438841583713,0.07759820833398522,63,"[0, 1, 2, 3, 4, 5]",355.0,0.46754039854400026,9.216692269222327e-08,40,True
synthetic_free_signal,51967,0.0008199527033012636,0.06765620125407824,63,"[0, 1, 2, 3, 4, 5]",355.0,0.4674313899332544,9.788006465933448e-08,39,True
synthetic_free_signal,51967,0.0007148990460528426,0.05898798008880854,63,"[0, 1, 2, 3, 4, 5]",355.0,0.46733473279919596,8.744527298948502e-08,39,True
synthetic_free_signal,51967,0.0006233050320946197,0.05143034534100341,63,"[0, 1, 2, 3, 4, 5]",355.0,0.4672492283360516,9.215180584527208e-08,38,True
synthetic_free_signal,51967,0.0005434461903111252,0.04484100689517775,63,"[0, 1, 2, 3, 4, 5]",355.0,0.4671737405327129,9.683885607013372e-08,37,True
synthetic_free_signal,51967,0.0004738189915958247,0.03909590507397029,63,"[0, 1, 2, 3, 4, 5]",355.0,0.4671072094904086,8.578190312805817e-08,37,True
synthetic_free_signal,51967,0.00041311254140608537,0.03408687492513176,63,"[0, 1, 2, 3, 4, 5]",355.0,0.4670486580505954,8.968488183923281e-08,36,True
synthetic_free_signal,51967,0.00036018389911346573,0.02971960976381563,63,"[0, 1, 2, 3, 4, 5]",355.0,0.4669971937376629,9.361398467223226e-08,35,True
synthetic_free_signal,51967,0.00031403655947848287,0.025911885629101027,63,"[0, 1, 2, 3, 4, 5]",355.0,0.46695200750574056,9.75506493876301e-08,34,True
synthetic_free_signal,51967,0.000273801691113393,0.022592013225997666,63,"[0, 1, 2, 3, 4, 5]",355.0,0.46691237038485706,8.583979429704973e-08,34,True
synthetic_free_signal,51967,0.00023872177870325472,0.019697488207127474,63,"[0, 1, 2, 3, 4, 5]",355.0,0.46687762882444794,8.916188103851405e-08,33,True
synthetic_free_signal,51967,0.00020813636101189934,0.017173814382484817,63,"[0, 1, 2, 3, 4, 5]",355.0,0.4668471993072024,9.256549068720042e-08,32,True
synthetic_free_signal,51967,0.00018146959615748324,0.014973477701452282,63,"[0, 1, 2, 3, 4, 5]",355.0,0.46682056263921307,9.600970246049169e-08,31,True
synthetic_free_signal,51967,0.00015821942004490665,0.013055051689888427,63,"[0, 1, 2, 3, 4, 5]",355.0,0.4667972581968103,9.950250195319191e-08,30,True
synthetic_free_signal,51967,0.00013794809383728445,0.011382417500052658,63,"[0, 1, 2, 3, 4, 5]",355.0,0.4667768783189196,8.721614500881894e-08,30,True
synthetic_free_signal,51967,0.00012027396250055241,0.0099240838889863,63,"[0, 1, 2, 3, 4, 5]",355.0,0.46675906296656783,9.017201183157333e-08,29,True
synthetic_free_signal,51967,0.00010486426925657497,0.008652594322355657,63,"[0, 1, 2, 3, 4, 5]",355.0,0.4667434947220728,9.328752739153775e-08,28,True
synthetic_free_signal,51967,9.142889066006251e-05,0.0075440100411030275,63,"[0, 1, 2, 3, 4, 5]",355.0,0.4667298941666708,9.647071921999364e-08,27,True
synthetic_free_signal,51967,7.971487434749415e-05,0.006577459358428476,63,"[0, 1, 2, 3, 4, 5]",355.0,0.46671801565021437,9.972758328646889e-08,26,True
synthetic_free_signal,51967,6.950167661842249e-05,0.005734744701566264,63,"[0, 1, 2, 3, 4, 5]",355.0,0.46670764345045396,8.732510793651425e-08,26,True
synthetic_free_signal,51967,6.0597010185510356e-05,0.005,63,"[0, 1, 2, 3, 4, 5]",355.0,0.4666985883084491,9.001844221091849e-08,25,True
synthetic_free_signal,51967,0.0,0.0,63,"[0, 1, 2, 3, 4, 5]",355.0,0.4666366740467485,9.757972699007559e-08,36,True
synthetic_cheap_signal,51968,0.15018653099692755,1.05,0,[],0.0,0.6766627254275316,5.193194141441399e-08,16,True
synthetic_cheap_signal,51968,0.1309443914355148,0.9154723136264682,1,[0],10.0,0.6757132934862745,7.588664146016415e-08,15,True
synthetic_cheap_signal,51968,0.11416758569893394,0.7981805304919987,1,[0],10.0,0.671161124767245,8.668863295543158e-08,17,True
synthetic_cheap_signal,51968,0.09954025125804869,0.6959163589915349,3,"[0, 1]",30.0,0.6639501445404461,7.369703701408886e-08,19,True
synthetic_cheap_signal,51968,0.08678699439825314,0.6067544373871318,3,"[0, 1]",30.0,0.6540111208554388,6.894293919767363e-08,21,True
synthetic_cheap_signal,51968,0.07566770528995824,0.5290160843789748,3,"[0, 1]",30.0,0.6417131776691193,7.577920152766553e-08,23,True
synthetic_cheap_signal,51968,0.06597303736057505,0.46123769401146186,3,"[0, 1]",30.0,0.6279613356920973,9.19702317538231e-08,25,True
synthetic_cheap_signal,51968,0.057520465856620066,0.4021431798746762,3,"[0, 1]",30.0,0.6134308395922212,7.745234706706745e-08,28,True
synthetic_cheap_signal,51968,0.05015085138917356,0.35061994979902356,3,"[0, 1]",30.0,0.5986274896288706,7.3511252993037e-08,31,True
synthetic_cheap_signal,51968,0.043725443763413224,0.3056979587105792,3,"[0, 1]",30.0,0.5839284624132486,7.53629136814678e-08,34,True
synthetic_cheap_signal,51968,0.03812326968231993,0.26653144526825,3,"[0, 1]",30.0,0.5696111953349824,8.066052355580968e-08,37,True
synthetic_cheap_signal,51968,0.0332388551419802,0.23238300843231538,3,"[0, 1]",30.0,0.5558747205111276,8.786769575261274e-08,40,True
synthetic_cheap_signal,51968,0.028980239637260624,0.2026097241685818,3,"[0, 1]",30.0,0.5428560242844636,9.568508021865323e-08,43,True
synthetic_cheap_signal,51968,0.025267244790640433,0.17665104090269723,3,"[0, 1]",30.0,0.530642968023082,8.09622386748685e-08,47,True
synthetic_cheap_signal,51968,0.02202996480709898,0.15401822582830108,3,"[0, 1]",30.0,0.5192847090327088,8.68672047239198e-08,50,True
synthetic_cheap_signal,51968,0.019207450334347207,0.13428516337112248,3,"[0, 1]",30.0,0.5088002172863478,9.06115626025812e-08,53,True
synthetic_cheap_signal,51968,0.016746560949000306,0.1170803325686379,3,"[0, 1]",30.0,0.49918528390168265,9.16646177763378e-08,56,True
synthetic_cheap_signal,51968,0.014600964664064736,0.10207981232073073,3,"[0, 1]",30.0,0.4904182981813905,8.984261676045657e-08,59,True
synthetic_cheap_signal,51968,0.012730265621133,0.08900118281887143,11,"[0, 1, 3]",90.0,0.4824507780632617,8.610245541849123e-08,62,True
synthetic_cheap_signal,51968,0.011099243544055346,0.07759820833398522,11,"[0, 1, 3]",90.0,0.4752159650337787,9.40833219778705e-08,64,True
synthetic_cheap_signal,51968,0.009677190635028563,0.06765620125407824,11,"[0, 1, 3]",90.0,0.4686768746102022,9.828783496992903e-08,66,True
synthetic_cheap_signal,51968,0.008437333428622847,0.05898798008880854,11,"[0, 1, 3]",90.0,0.46279158020670697,9.869353444761113e-08,68,True
synthetic_cheap_signal,51968,0.0073563287187993305,0.05143034534100341,11,"[0, 1, 3]",90.0,0.4575145007359065,9.560920557927212e-08,70,True
synthetic_cheap_signal,51968,0.006413824068567672,0.04484100689517775,43,"[0, 1, 3, 5]",230.0,0.4527938678552303,8.979356818082748e-08,72,True
synthetic_cheap_signal,51968,0.005592074627852168,0.03909590507397029,59,"[0, 1, 3, 4, 5]",320.0,0.4485691823771626,9.388860609007666e-08,73,True
synthetic_cheap_signal,51968,0.00487560904526828,0.03408687492513176,59,"[0, 1, 3, 4, 5]",320.0,0.44479157084391285,9.464798179137307e-08,74,True
synthetic_cheap_signal,51968,0.00425093818381894,0.029719609763815633,59,"[0, 1, 3, 4, 5]",320.0,0.4414224838114765,9.329467355077986e-08,75,True
synthetic_cheap_signal,51968,0.003706301156403641,0.025911885629101027,59,"[0, 1, 3, 4, 5]",320.0,0.4384258487093103,8.963874829530627e-08,76,True
synthetic_cheap_signal,51968,0.0032314438996659954,0.022592013225997663,59,"[0, 1, 3, 4, 5]",320.0,0.4357668579395161,9.497291625837214e-08,76,True
synthetic_cheap_signal,51968,0.002817426117315586,0.019697488207127474,59,"[0, 1, 3, 4, 5]",320.0,0.4334124606115228,9.817820854473424e-08,76,True
synthetic_cheap_signal,51968,0.002456452958181463,0.017173814382484817,59,"[0, 1, 3, 4, 5]",320.0,0.4313316711740182,9.93243685936398e-08,76,True
synthetic_cheap_signal,51968,0.0021417282599437777,0.01497347770145228,59,"[0, 1, 3, 4, 5]",320.0,0.4294957408194878,9.86020170038613e-08,76,True
synthetic_cheap_signal,51968,0.0018673265955142092,0.013055051689888427,63,"[0, 1, 2, 3, 4, 5]",355.0,0.42787771240863903,9.737540801020417e-08,76,True
synthetic_cheap_signal,51968,0.0016280817130396468,0.011382417500052658,63,"[0, 1, 2, 3, 4, 5]",355.0,0.42645295763005786,9.391616680615218e-08,76,True
synthetic_cheap_signal,51968,0.0014194892691517622,0.0099240838889863,63,"[0, 1, 2, 3, 4, 5]",355.0,0.4251999138513747,9.986486625476903e-08,75,True
synthetic_cheap_signal,51968,0.001237622024188864,0.008652594322355657,63,"[0, 1, 2, 3, 4, 5]",355.0,0.4240990678407852,9.388226086041682e-08,75,True
synthetic_cheap_signal,51968,0.0010790559027421453,0.0075440100411030275,63,"[0, 1, 2, 3, 4, 5]",355.0,0.4231328446314008,9.751476047908078e-08,74,True
synthetic_cheap_signal,51968,0.0009408055274434757,0.006577459358428475,63,"[0, 1, 2, 3, 4, 5]",355.0,0.42228548337817057,8.997538260859347e-08,74,True
synthetic_cheap_signal,51968,0.0008202680122678551,0.005734744701566264,63,"[0, 1, 2, 3, 4, 5]",355.0,0.42154290248453424,9.181836389314894e-08,73,True
synthetic_cheap_signal,51968,0.0007151739571282264,0.005,63,"[0, 1, 2, 3, 4, 5]",355.0,0.4208925608322662,9.301134137706213e-08,72,True
synthetic_cheap_signal,51968,0.0,0.0,63,"[0, 1, 2, 3, 4, 5]",355.0,0.4163935325759574,9.179242656785614e-08,93,True
synthetic_expensive_signal,51968,0.15745906091643916,1.05,0,[],0.0,0.6786458275225683,6.409058097936885e-08,16,True
synthetic_expensive_signal,51968,0.13728515314154624,0.9154723136264682,16,[4],90.0,0.6777422114029539,3.6915992581568516e-08,13,True
synthetic_expensive_signal,51968,0.11969595883148128,0.7981805304919987,16,[4],90.0,0.6734153330427363,9.703361809181207e-08,14,True
synthetic_expensive_signal,51968,0.10436032034589966,0.6959163589915349,16,[4],90.0,0.6665718667845182,8.043930627289857e-08,16,True
synthetic_expensive_signal,51968,0.09098950849320014,0.6067544373871318,20,"[2, 4]",125.0,0.6579819719850843,7.190409126624031e-08,18,True
synthetic_expensive_signal,51968,0.07933178652952869,0.5290160843789748,20,"[2, 4]",125.0,0.6469996711135049,7.525630946761292e-08,20,True
synthetic_expensive_signal,51968,0.06916767062696066,0.46123769401146186,20,"[2, 4]",125.0,0.6341590201513955,9.087805700360018e-08,22,True
synthetic_expensive_signal,51968,0.06030579757811161,0.4021431798746762,20,"[2, 4]",125.0,0.6202325594622653,7.148922657759861e-08,25,True
synthetic_expensive_signal,51968,0.0525793219370698,0.35061994979902356,20,"[2, 4]",125.0,0.6058044445531636,9.880315534130979e-08,27,True
synthetic_expensive_signal,51968,0.04584277476441923,0.3056979587105792,20,"[2, 4]",125.0,0.5913135842197746,9.168154597116759e-08,30,True
synthetic_expensive_signal,51968,0.03996932483489519,0.26653144526825,20,"[2, 4]",125.0,0.5770849614594203,8.986285218946463e-08,33,True
synthetic_expensive_signal,51968,0.03484839074351366,0.23238300843231538,20,"[2, 4]",125.0,0.5633535416583387,9.068588728915854e-08,36,True
synthetic_expensive_signal,51968,0.030383558952498724,0.2026097241685818,20,"[2, 4]",125.0,0.5502830698011064,9.247651055324806e-08,39,True
synthetic_expensive_signal,51968,0.026490768581381132,0.17665104090269723,20,"[2, 4]",125.0,0.5379811004367512,9.401828391862185e-08,42,True
synthetic_expensive_signal,51968,0.023096728764705088,0.15401822582830108,20,"[2, 4]",125.0,0.5265111349988038,9.440099032535708e-08,45,True
synthetic_expensive_signal,51968,0.0201375387804072,0.13428516337112248,20,"[2, 4]",125.0,0.5159024812491801,9.301030394143081e-08,48,True
synthetic_expensive_signal,51968,0.017557484969563913,0.1170803325686379,20,"[2, 4]",125.0,0.5061582868029139,8.95503152152634e-08,51,True
synthetic_expensive_signal,51968,0.015307991796712968,0.10207981232073073,20,"[2, 4]",125.0,0.4972620877491855,8.404409061598405e-08,54,True
synthetic_expensive_signal,51968,0.013346707302011252,0.08900118281887143,20,"[2, 4]",125.0,0.48918313466921365,9.2684540309866e-08,56,True
synthetic_expensive_signal,51968,0.011636705726730966,0.07759820833398522,60,"[2, 3, 4, 5]",325.0,0.4818744590260828,9.876885340816276e-08,58,True
synthetic_expensive_signal,51968,0.010145792299657879,0.06765620125407824,62,"[1, 2, 3, 4, 5]",345.0,0.4752365348914815,8.711781400579206e-08,61,True
synthetic_expensive_signal,51968,0.008845897095372765,0.05898798008880854,62,"[1, 2, 3, 4, 5]",345.0,0.46919983600846676,8.815885765119247e-08,63,True
synthetic_expensive_signal,51968,0.007712546552383389,0.05143034534100341,62,"[1, 2, 3, 4, 5]",345.0,0.46373481329141963,8.596687453438878e-08,65,True
synthetic_expensive_signal,51968,0.006724402701202154,0.04484100689517775,62,"[1, 2, 3, 4, 5]",345.0,0.45880983918238766,9.437172994462138e-08,66,True
synthetic_expensive_signal,51968,0.005862861427262486,0.03909590507397029,62,"[1, 2, 3, 4, 5]",345.0,0.4543892297851365,9.963773127002306e-08,67,True
synthetic_expensive_signal,51968,0.005111702205035585,0.03408687492513176,62,"[1, 2, 3, 4, 5]",345.0,0.45043522400525016,8.826578220448996e-08,69,True
synthetic_expensive_signal,51968,0.00445678270877471,0.029719609763815633,62,"[1, 2, 3, 4, 5]",345.0,0.44690947286923816,8.76145134930188e-08,70,True
synthetic_expensive_signal,51968,0.0038857725502213555,0.025911885629101027,62,"[1, 2, 3, 4, 5]",345.0,0.4437741360955868,9.669478431554659e-08,70,True
synthetic_expensive_signal,51968,0.0033879211302641574,0.022592013225997663,62,"[1, 2, 3, 4, 5]",345.0,0.4409926651643106,9.08186665605143e-08,71,True
synthetic_expensive_signal,51968,0.002953855233816121,0.019697488207127474,63,"[0, 1, 2, 3, 4, 5]",355.0,0.43853033724326473,9.516470655807717e-08,71,True
synthetic_expensive_signal,51968,0.002575402557161234,0.017173814382484817,63,"[0, 1, 2, 3, 4, 5]",355.0,0.43635328944516183,9.801490065021144e-08,71,True
synthetic_expensive_signal,51968,0.0022454378452608746,0.014973477701452282,63,"[0, 1, 2, 3, 4, 5]",355.0,0.43443071003984773,9.832991190120938e-08,71,True
synthetic_expensive_signal,51968,0.0019577487421956227,0.013055051689888427,63,"[0, 1, 2, 3, 4, 5]",355.0,0.43273551467324367,9.689929275388741e-08,71,True
synthetic_expensive_signal,51968,0.0017069188290639377,0.011382417500052658,63,"[0, 1, 2, 3, 4, 5]",355.0,0.43124287243949694,9.401241181121669e-08,71,True
synthetic_expensive_signal,51968,0.0014882256472530915,0.0099240838889863,63,"[0, 1, 2, 3, 4, 5]",355.0,0.42993017707083114,8.997908304627105e-08,71,True
synthetic_expensive_signal,51968,0.0012975517871324145,0.008652594322355657,63,"[0, 1, 2, 3, 4, 5]",355.0,0.4287769686247705,9.584640141531767e-08,70,True
synthetic_expensive_signal,51968,0.0011313073682059718,0.007544010041103028,63,"[0, 1, 2, 3, 4, 5]",355.0,0.42776482226975643,8.963358900044187e-08,70,True
synthetic_expensive_signal,51968,0.0009863624512325639,0.006577459358428475,63,"[0, 1, 2, 3, 4, 5]",355.0,0.4268772168386206,9.339611840261603e-08,69,True
synthetic_expensive_signal,51968,0.0008599881098134754,0.005734744701566264,63,"[0, 1, 2, 3, 4, 5]",355.0,0.4260993926489725,9.642380635091625e-08,68,True
synthetic_expensive_signal,51968,0.0007498050519830436,0.005,63,"[0, 1, 2, 3, 4, 5]",355.0,0.42541820557909954,9.875880744249337e-08,67,True
synthetic_expensive_signal,51968,0.0,0.0,63,"[0, 1, 2, 3, 4, 5]",355.0,0.4207064186800373,9.434031643727853e-08,87,True
synthetic_free_signal,51968,0.007474250344185301,1.05,0,[],0.0,0.48794807663984435,9.583556711753705e-08,65,True
synthetic_free_signal,51968,0.006516637385918803,0.9154723136264681,36,"[2, 5]",175.0,0.48794228666893313,9.319463130033449e-08,23,True
synthetic_free_signal,51968,0.005681715337858883,0.7981805304919987,38,"[1, 2, 5]",195.0,0.48791231358770626,8.293137473391777e-08,28,True
synthetic_free_signal,51968,0.004953764843539677,0.6959163589915349,38,"[1, 2, 5]",195.0,0.4878563476584081,9.458098489327304e-08,32,True
synthetic_free_signal,51968,0.004319080535692122,0.6067544373871318,38,"[1, 2, 5]",195.0,0.48778185463274853,8.645122168932861e-08,33,True
synthetic_free_signal,51968,0.0037657130007134406,0.5290160843789748,55,"[0, 1, 2, 4, 5]",295.0,0.48769368710544847,9.703997253747102e-08,31,True
synthetic_free_signal,51968,0.003283243803063241,0.4612376940114618,63,"[0, 1, 2, 3, 4, 5]",355.0,0.48759295990221263,8.523096269916179e-08,32,True
synthetic_free_signal,51968,0.0028625893338953042,0.4021431798746762,63,"[0, 1, 2, 3, 4, 5]",355.0,0.4874837950875248,8.833574149702276e-08,33,True
synthetic_free_signal,51968,0.0024958297909176996,0.35061994979902356,63,"[0, 1, 2, 3, 4, 5]",355.0,0.4873709433659367,9.259366191058457e-08,33,True
synthetic_free_signal,51968,0.0021760600696278955,0.3056979587105792,63,"[0, 1, 2, 3, 4, 5]",355.0,0.48725892069117205,9.345132259757273e-08,33,True
synthetic_free_signal,51968,0.0018972597586023078,0.26653144526825,63,"[0, 1, 2, 3, 4, 5]",355.0,0.4871507641352573,9.175423462695246e-08,33,True
synthetic_free_signal,51968,0.001654179791198142,0.2323830084323154,63,"[0, 1, 2, 3, 4, 5]",355.0,0.48704841210167854,8.822495778600691e-08,33,True
synthetic_free_signal,51968,0.0014422436196212488,0.20260972416858178,63,"[0, 1, 2, 3, 4, 5]",355.0,0.4869529993880995,8.345750132560952e-08,33,True
synthetic_free_signal,51968,0.0012574610507311203,0.17665104090269723,63,"[0, 1, 2, 3, 4, 5]",355.0,0.4868650832288041,9.520263829395358e-08,32,True
synthetic_free_signal,51968,0.0010963531213409416,0.15401822582830108,63,"[0, 1, 2, 3, 4, 5]",355.0,0.4867848144929832,8.796649322698495e-08,32,True
synthetic_free_signal,51968,0.0009558865986148491,0.13428516337112248,63,"[0, 1, 2, 3, 4, 5]",355.0,0.4867120659371234,9.836116512917052e-08,31,True
synthetic_free_signal,51968,0.0008334168723794964,0.11708033256863788,63,"[0, 1, 2, 3, 4, 5]",355.0,0.48664652721741003,8.944601958868805e-08,31,True
synthetic_free_signal,51968,0.0007266381641643738,0.10207981232073073,63,"[0, 1, 2, 3, 4, 5]",355.0,0.4865877744271526,9.863826181618622e-08,30,True
synthetic_free_signal,51968,0.0006335401155398558,0.08900118281887143,63,"[0, 1, 2, 3, 4, 5]",355.0,0.4865353202795336,8.870816173981474e-08,30,True
synthetic_free_signal,51968,0.0005523699384270968,0.07759820833398522,63,"[0, 1, 2, 3, 4, 5]",355.0,0.4864886497084171,9.685860070923237e-08,29,True
synthetic_free_signal,51968,0.0004815994147710136,0.06765620125407824,63,"[0, 1, 2, 3, 4, 5]",355.0,0.48644724457309724,8.6424211516923e-08,29,True
synthetic_free_signal,51968,0.0004198961242681646,0.05898798008880853,63,"[0, 1, 2, 3, 4, 5]",355.0,0.486410600294337,9.368190758364158e-08,28,True
synthetic_free_signal,51968,0.0003660983584443463,0.05143034534100341,63,"[0, 1, 2, 3, 4, 5]",355.0,0.4863782365731738,8.311830709626023e-08,28,True
synthetic_free_signal,51968,0.00031919324878085497,0.04484100689517775,63,"[0, 1, 2, 3, 4, 5]",355.0,0.4863497038215533,8.961187485580309e-08,27,True
synthetic_free_signal,51968,0.0002782976971003412,0.03909590507397029,63,"[0, 1, 2, 3, 4, 5]",355.0,0.4863245865280039,9.647382648877626e-08,26,True
synthetic_free_signal,51968,0.0002426417491822546,0.03408687492513176,63,"[0, 1, 2, 3, 4, 5]",355.0,0.48630250447275647,8.51190022788602e-08,26,True
synthetic_free_signal,51968,0.00021155409857738264,0.029719609763815626,63,"[0, 1, 2, 3, 4, 5]",355.0,0.48628311246940864,9.121996580986227e-08,25,True
synthetic_free_signal,51968,0.00018444944769695093,0.025911885629101024,63,"[0, 1, 2, 3, 4, 5]",355.0,0.48626609913068713,9.772698290986422e-08,24,True
synthetic_free_signal,51968,0.0001608174882192875,0.022592013225997663,63,"[0, 1, 2, 3, 4, 5]",355.0,0.4862511850210626,8.594869350873398e-08,24,True
synthetic_free_signal,51968,0.0001402132933444842,0.019697488207127474,63,"[0, 1, 2, 3, 4, 5]",355.0,0.48623812045656745,9.171327126062633e-08,23,True
synthetic_free_signal,51968,0.00012224894100882057,0.017173814382484817,63,"[0, 1, 2, 3, 4, 5]",355.0,0.4862266831361213,9.793444941804746e-08,22,True
synthetic_free_signal,51968,0.00010658621034641013,0.014973477701452282,63,"[0, 1, 2, 3, 4, 5]",355.0,0.4862166757330107,8.599874258975273e-08,22,True
synthetic_free_signal,51968,9.293021389190997e-05,0.013055051689888427,63,"[0, 1, 2, 3, 4, 5]",355.0,0.4862079235329594,9.145426792684622e-08,21,True
synthetic_free_signal,51968,8.102384563564701e-05,0.011382417500052658,63,"[0, 1, 2, 3, 4, 5]",355.0,0.48620027217480005,9.743765105532762e-08,20,True
synthetic_free_signal,51968,7.064294040283776e-05,0.0099240838889863,63,"[0, 1, 2, 3, 4, 5]",355.0,0.4861935855285865,8.5544715340671e-08,20,True
synthetic_free_signal,51968,6.159205342091671e-05,0.008652594322355657,63,"[0, 1, 2, 3, 4, 5]",355.0,0.48618774372961054,9.069221720188678e-08,19,True
synthetic_free_signal,51968,5.370078061547778e-05,0.0075440100411030275,63,"[0, 1, 2, 3, 4, 5]",355.0,0.48618264137570594,9.64717875758932e-08,18,True
synthetic_free_signal,51968,4.6820550355808434e-05,0.006577459358428475,63,"[0, 1, 2, 3, 4, 5]",355.0,0.4861781858884753,8.478699522045507e-08,18,True
synthetic_free_signal,51968,4.08218262471395e-05,0.005734744701566264,63,"[0, 1, 2, 3, 4, 5]",355.0,0.4861742960333152,8.96037166455883e-08,17,True
synthetic_free_signal,51968,3.559166830564429e-05,0.005,63,"[0, 1, 2, 3, 4, 5]",355.0,0.48617090058979856,9.520743128462956e-08,16,True
synthetic_free_signal,51968,0.0,0.0,63,"[0, 1, 2, 3, 4, 5]",355.0,0.486147696223152,9.09726763543295e-08,26,True
