task,seed,mask_id,selected_groups,selected_features,n_groups,n_features,cost,in_path_with_boundaries,refit_gradient_inf,val_bce,val_auroc,val_ap,method,alpha,validation_objective,truth_groups,test_bce,test_auroc,test_ap
synthetic_cheap_signal,51966,3,"[0, 1]","[0, 1, 2, 3, 4, 5, 6, 7]",2,8,30.0,True,9.305069895349958e-10,0.43787869640687227,0.8758913824549318,0.8395868856945394,group_lasso_path_refit,0.0,0.43787869640687227,"[0, 1]",0.40802930791472186,0.8926948865772653,0.8689059303563779
synthetic_cheap_signal,51966,11,"[0, 1, 3]","[0, 1, 2, 3, 4, 5, 6, 7, 11, 12, 13]",3,11,90.0,False,6.427823032140959e-09,0.4356634854114695,0.8768463651947931,0.8416426263902532,enumerated_refit,0.0,0.4356634854114695,"[0, 1]",0.4075959416761665,0.8931962025316456,0.86952037086581
synthetic_cheap_signal,51966,3,"[0, 1]","[0, 1, 2, 3, 4, 5, 6, 7]",2,8,30.0,True,9.305069895349958e-10,0.43787869640687227,0.8758913824549318,0.8395868856945394,group_lasso_path_refit,0.00025,0.4453786964068723,"[0, 1]",0.40802930791472186,0.8926948865772653,0.8689059303563779
synthetic_cheap_signal,51966,3,"[0, 1]","[0, 1, 2, 3, 4, 5, 6, 7]",2,8,30.0,True,9.305069895349958e-10,0.43787869640687227,0.8758913824549318,0.8395868856945394,enumerated_refit,0.00025,0.4453786964068723,"[0, 1]",0.40802930791472186,0.8926948865772653,0.8689059303563779
synthetic_cheap_signal,51966,3,"[0, 1]","[0, 1, 2, 3, 4, 5, 6, 7]",2,8,30.0,True,9.305069895349958e-10,0.43787869640687227,0.8758913824549318,0.8395868856945394,group_lasso_path_refit,0.0005,0.4528786964068723,"[0, 1]",0.40802930791472186,0.8926948865772653,0.8689059303563779
synthetic_cheap_signal,51966,3,"[0, 1]","[0, 1, 2, 3, 4, 5, 6, 7]",2,8,30.0,True,9.305069895349958e-10,0.43787869640687227,0.8758913824549318,0.8395868856945394,enumerated_refit,0.0005,0.4528786964068723,"[0, 1]",0.40802930791472186,0.8926948865772653,0.8689059303563779
synthetic_cheap_signal,51966,3,"[0, 1]","[0, 1, 2, 3, 4, 5, 6, 7]",2,8,30.0,True,9.305069895349958e-10,0.43787869640687227,0.8758913824549318,0.8395868856945394,group_lasso_path_refit,0.001,0.4678786964068723,"[0, 1]",0.40802930791472186,0.8926948865772653,0.8689059303563779
synthetic_cheap_signal,51966,3,"[0, 1]","[0, 1, 2, 3, 4, 5, 6, 7]",2,8,30.0,True,9.305069895349958e-10,0.43787869640687227,0.8758913824549318,0.8395868856945394,enumerated_refit,0.001,0.4678786964068723,"[0, 1]",0.40802930791472186,0.8926948865772653,0.8689059303563779
synthetic_cheap_signal,51966,3,"[0, 1]","[0, 1, 2, 3, 4, 5, 6, 7]",2,8,30.0,True,9.305069895349958e-10,0.43787869640687227,0.8758913824549318,0.8395868856945394,group_lasso_path_refit,0.002,0.49787869640687227,"[0, 1]",0.40802930791472186,0.8926948865772653,0.8689059303563779
synthetic_cheap_signal,51966,3,"[0, 1]","[0, 1, 2, 3, 4, 5, 6, 7]",2,8,30.0,True,9.305069895349958e-10,0.43787869640687227,0.8758913824549318,0.8395868856945394,enumerated_refit,0.002,0.49787869640687227,"[0, 1]",0.40802930791472186,0.8926948865772653,0.8689059303563779
synthetic_cheap_signal,51966,1,[0],"[0, 1, 2, 3, 4]",1,5,10.0,True,3.171767382035575e-09,0.527080143140536,0.8079780197415286,0.7715801574864538,group_lasso_path_refit,0.005,0.577080143140536,"[0, 1]",0.5068309074279084,0.8234427873167063,0.7876077904820795
synthetic_cheap_signal,51966,1,[0],"[0, 1, 2, 3, 4]",1,5,10.0,True,3.171767382035575e-09,0.527080143140536,0.8079780197415286,0.7715801574864538,enumerated_refit,0.005,0.577080143140536,"[0, 1]",0.5068309074279084,0.8234427873167063,0.7876077904820795
synthetic_cheap_signal,51966,1,[0],"[0, 1, 2, 3, 4]",1,5,10.0,True,3.171767382035575e-09,0.527080143140536,0.8079780197415286,0.7715801574864538,group_lasso_path_refit,0.01,0.627080143140536,"[0, 1]",0.5068309074279084,0.8234427873167063,0.7876077904820795
synthetic_cheap_signal,51966,1,[0],"[0, 1, 2, 3, 4]",1,5,10.0,True,3.171767382035575e-09,0.527080143140536,0.8079780197415286,0.7715801574864538,enumerated_refit,0.01,0.627080143140536,"[0, 1]",0.5068309074279084,0.8234427873167063,0.7876077904820795
synthetic_cheap_signal,51966,0,[],"[0, 1]",0,2,0.0,True,1.4951453170192402e-09,0.6795856247673377,0.5708291911609302,0.5178061482461095,group_lasso_path_refit,0.02,0.6795856247673377,"[0, 1]",0.6661107064661886,0.6064904749968668,0.5487299200594644
synthetic_cheap_signal,51966,0,[],"[0, 1]",0,2,0.0,True,1.4951453170192402e-09,0.6795856247673377,0.5708291911609302,0.5178061482461095,enumerated_refit,0.02,0.6795856247673377,"[0, 1]",0.6661107064661886,0.6064904749968668,0.5487299200594644
synthetic_cheap_signal,51966,0,[],"[0, 1]",0,2,0.0,True,1.4951453170192402e-09,0.6795856247673377,0.5708291911609302,0.5178061482461095,free_only,,,"[0, 1]",0.6661107064661886,0.6064904749968668,0.5487299200594644
synthetic_cheap_signal,51966,63,"[0, 1, 2, 3, 4, 5]","[0, 1, 2, 3, 4, 5, 6, 7, 8, 9, 10, 11, 12, 13, 14, 15, 16, 17, 18, 19]",6,20,355.0,True,1.3814335581595471e-09,0.4389915492500596,0.8744980469820196,0.8394756907538621,all_checks,,,"[0, 1]",0.4072454866126115,0.8932901992730918,0.8704841556936072
synthetic_expensive_signal,51966,20,"[2, 4]","[0, 1, 8, 9, 10, 14, 15, 16]",2,8,125.0,True,1.5029002907032343e-09,0.4498611080899439,0.8694430864973501,0.854131833886234,group_lasso_path_refit,0.0,0.4498611080899439,"[2, 4]",0.4645218129437777,0.8605840889330518,0.857119711857022
synthetic_expensive_signal,51966,20,"[2, 4]","[0, 1, 8, 9, 10, 14, 15, 16]",2,8,125.0,True,1.5029002907032343e-09,0.4498611080899439,0.8694430864973501,0.854131833886234,enumerated_refit,0.0,0.4498611080899439,"[2, 4]",0.4645218129437777,0.8605840889330518,0.857119711857022
synthetic_expensive_signal,51966,20,"[2, 4]","[0, 1, 8, 9, 10, 14, 15, 16]",2,8,125.0,True,1.5029002907032343e-09,0.4498611080899439,0.8694430864973501,0.854131833886234,group_lasso_path_refit,0.00025,0.4811111080899439,"[2, 4]",0.4645218129437777,0.8605840889330518,0.857119711857022
synthetic_expensive_signal,51966,20,"[2, 4]","[0, 1, 8, 9, 10, 14, 15, 16]",2,8,125.0,True,1.5029002907032343e-09,0.4498611080899439,0.8694430864973501,0.854131833886234,enumerated_refit,0.00025,0.4811111080899439,"[2, 4]",0.4645218129437777,0.8605840889330518,0.857119711857022
synthetic_expensive_signal,51966,20,"[2, 4]","[0, 1, 8, 9, 10, 14, 15, 16]",2,8,125.0,True,1.5029002907032343e-09,0.4498611080899439,0.8694430864973501,0.854131833886234,group_lasso_path_refit,0.0005,0.512361108089944,"[2, 4]",0.4645218129437777,0.8605840889330518,0.857119711857022
synthetic_expensive_signal,51966,20,"[2, 4]","[0, 1, 8, 9, 10, 14, 15, 16]",2,8,125.0,True,1.5029002907032343e-09,0.4498611080899439,0.8694430864973501,0.854131833886234,enumerated_refit,0.0005,0.512361108089944,"[2, 4]",0.4645218129437777,0.8605840889330518,0.857119711857022
synthetic_expensive_signal,51966,20,"[2, 4]","[0, 1, 8, 9, 10, 14, 15, 16]",2,8,125.0,True,1.5029002907032343e-09,0.4498611080899439,0.8694430864973501,0.854131833886234,group_lasso_path_refit,0.001,0.574861108089944,"[2, 4]",0.4645218129437777,0.8605840889330518,0.857119711857022
synthetic_expensive_signal,51966,20,"[2, 4]","[0, 1, 8, 9, 10, 14, 15, 16]",2,8,125.0,True,1.5029002907032343e-09,0.4498611080899439,0.8694430864973501,0.854131833886234,enumerated_refit,0.001,0.574861108089944,"[2, 4]",0.4645218129437777,0.8605840889330518,0.857119711857022
synthetic_expensive_signal,51966,0,[],"[0, 1]",0,2,0.0,True,9.775372897977861e-11,0.6845130482644108,0.5635713232612457,0.5006043457826579,group_lasso_path_refit,0.002,0.6845130482644108,"[2, 4]",0.6761476532972717,0.6019826729598807,0.5496447956156738
synthetic_expensive_signal,51966,0,[],"[0, 1]",0,2,0.0,True,9.775372897977861e-11,0.6845130482644108,0.5635713232612457,0.5006043457826579,enumerated_refit,0.002,0.6845130482644108,"[2, 4]",0.6761476532972717,0.6019826729598807,0.5496447956156738
synthetic_expensive_signal,51966,0,[],"[0, 1]",0,2,0.0,True,9.775372897977861e-11,0.6845130482644108,0.5635713232612457,0.5006043457826579,group_lasso_path_refit,0.005,0.6845130482644108,"[2, 4]",0.6761476532972717,0.6019826729598807,0.5496447956156738
synthetic_expensive_signal,51966,0,[],"[0, 1]",0,2,0.0,True,9.775372897977861e-11,0.6845130482644108,0.5635713232612457,0.5006043457826579,enumerated_refit,0.005,0.6845130482644108,"[2, 4]",0.6761476532972717,0.6019826729598807,0.5496447956156738
synthetic_expensive_signal,51966,0,[],"[0, 1]",0,2,0.0,True,9.775372897977861e-11,0.6845130482644108,0.5635713232612457,0.5006043457826579,group_lasso_path_refit,0.01,0.6845130482644108,"[2, 4]",0.6761476532972717,0.6019826729598807,0.5496447956156738
synthetic_expensive_signal,51966,0,[],"[0, 1]",0,2,0.0,True,9.775372897977861e-11,0.6845130482644108,0.5635713232612457,0.5006043457826579,enumerated_refit,0.01,0.6845130482644108,"[2, 4]",0.6761476532972717,0.6019826729598807,0.5496447956156738
synthetic_expensive_signal,51966,0,[],"[0, 1]",0,2,0.0,True,9.775372897977861e-11,0.6845130482644108,0.5635713232612457,0.5006043457826579,group_lasso_path_refit,0.02,0.6845130482644108,"[2, 4]",0.6761476532972717,0.6019826729598807,0.5496447956156738
synthetic_expensive_signal,51966,0,[],"[0, 1]",0,2,0.0,True,9.775372897977861e-11,0.6845130482644108,0.5635713232612457,0.5006043457826579,enumerated_refit,0.02,0.6845130482644108,"[2, 4]",0.6761476532972717,0.6019826729598807,0.5496447956156738
synthetic_expensive_signal,51966,0,[],"[0, 1]",0,2,0.0,True,9.775372897977861e-11,0.6845130482644108,0.5635713232612457,0.5006043457826579,free_only,,,"[2, 4]",0.6761476532972717,0.6019826729598807,0.5496447956156738
synthetic_expensive_signal,51966,63,"[0, 1, 2, 3, 4, 5]","[0, 1, 2, 3, 4, 5, 6, 7, 8, 9, 10, 11, 12, 13, 14, 15, 16, 17, 18, 19]",6,20,355.0,True,3.4785354739621643e-09,0.4579401033350981,0.8649890200277797,0.8483812532620172,all_checks,,,"[2, 4]",0.46788868955620255,0.8585734691342691,0.8540435268450486
synthetic_free_signal,51966,52,"[2, 4, 5]","[0, 1, 8, 9, 10, 14, 15, 16, 17, 18, 19]",3,11,265.0,True,2.2383754684238514e-09,0.4726775286823067,0.8523187223494714,0.8122489905136651,group_lasso_path_refit,0.0,0.4726775286823067,[],0.5234530281218176,0.8152160271092842,0.7751693645235609
synthetic_free_signal,51966,54,"[1, 2, 4, 5]","[0, 1, 5, 6, 7, 8, 9, 10, 14, 15, 16, 17, 18, 19]",4,14,285.0,False,6.342333939865411e-09,0.47200670525287935,0.8528285902544632,0.8129769668158101,enumerated_refit,0.0,0.47200670525287935,[],0.5254569912047121,0.81328637319193,0.7724514004329878
synthetic_free_signal,51966,0,[],"[0, 1]",0,2,0.0,True,6.167782128651277e-12,0.4753622480849146,0.8499733299865081,0.8077787892262467,group_lasso_path_refit,0.00025,0.4753622480849146,[],0.5188901859115457,0.8166985660945687,0.7752945246079428
synthetic_free_signal,51966,0,[],"[0, 1]",0,2,0.0,True,6.167782128651277e-12,0.4753622480849146,0.8499733299865081,0.8077787892262467,enumerated_refit,0.00025,0.4753622480849146,[],0.5188901859115457,0.8166985660945687,0.7752945246079428
synthetic_free_signal,51966,0,[],"[0, 1]",0,2,0.0,True,6.167782128651277e-12,0.4753622480849146,0.8499733299865081,0.8077787892262467,group_lasso_path_refit,0.0005,0.4753622480849146,[],0.5188901859115457,0.8166985660945687,0.7752945246079428
synthetic_free_signal,51966,0,[],"[0, 1]",0,2,0.0,True,6.167782128651277e-12,0.4753622480849146,0.8499733299865081,0.8077787892262467,enumerated_refit,0.0005,0.4753622480849146,[],0.5188901859115457,0.8166985660945687,0.7752945246079428
synthetic_free_signal,51966,0,[],"[0, 1]",0,2,0.0,True,6.167782128651277e-12,0.4753622480849146,0.8499733299865081,0.8077787892262467,group_lasso_path_refit,0.001,0.4753622480849146,[],0.5188901859115457,0.8166985660945687,0.7752945246079428
synthetic_free_signal,51966,0,[],"[0, 1]",0,2,0.0,True,6.167782128651277e-12,0.4753622480849146,0.8499733299865081,0.8077787892262467,enumerated_refit,0.001,0.4753622480849146,[],0.5188901859115457,0.8166985660945687,0.7752945246079428
synthetic_free_signal,51966,0,[],"[0, 1]",0,2,0.0,True,6.167782128651277e-12,0.4753622480849146,0.8499733299865081,0.8077787892262467,group_lasso_path_refit,0.002,0.4753622480849146,[],0.5188901859115457,0.8166985660945687,0.7752945246079428
synthetic_free_signal,51966,0,[],"[0, 1]",0,2,0.0,True,6.167782128651277e-12,0.4753622480849146,0.8499733299865081,0.8077787892262467,enumerated_refit,0.002,0.4753622480849146,[],0.5188901859115457,0.8166985660945687,0.7752945246079428
synthetic_free_signal,51966,0,[],"[0, 1]",0,2,0.0,True,6.167782128651277e-12,0.4753622480849146,0.8499733299865081,0.8077787892262467,group_lasso_path_refit,0.005,0.4753622480849146,[],0.5188901859115457,0.8166985660945687,0.7752945246079428
synthetic_free_signal,51966,0,[],"[0, 1]",0,2,0.0,True,6.167782128651277e-12,0.4753622480849146,0.8499733299865081,0.8077787892262467,enumerated_refit,0.005,0.4753622480849146,[],0.5188901859115457,0.8166985660945687,0.7752945246079428
synthetic_free_signal,51966,0,[],"[0, 1]",0,2,0.0,True,6.167782128651277e-12,0.4753622480849146,0.8499733299865081,0.8077787892262467,group_lasso_path_refit,0.01,0.4753622480849146,[],0.5188901859115457,0.8166985660945687,0.7752945246079428
synthetic_free_signal,51966,0,[],"[0, 1]",0,2,0.0,True,6.167782128651277e-12,0.4753622480849146,0.8499733299865081,0.8077787892262467,enumerated_refit,0.01,0.4753622480849146,[],0.5188901859115457,0.8166985660945687,0.7752945246079428
synthetic_free_signal,51966,0,[],"[0, 1]",0,2,0.0,True,6.167782128651277e-12,0.4753622480849146,0.8499733299865081,0.8077787892262467,group_lasso_path_refit,0.02,0.4753622480849146,[],0.5188901859115457,0.8166985660945687,0.7752945246079428
synthetic_free_signal,51966,0,[],"[0, 1]",0,2,0.0,True,6.167782128651277e-12,0.4753622480849146,0.8499733299865081,0.8077787892262467,enumerated_refit,0.02,0.4753622480849146,[],0.5188901859115457,0.8166985660945687,0.7752945246079428
synthetic_free_signal,51966,0,[],"[0, 1]",0,2,0.0,True,6.167782128651277e-12,0.4753622480849146,0.8499733299865081,0.8077787892262467,free_only,,,[],0.5188901859115457,0.8166985660945687,0.7752945246079428
synthetic_free_signal,51966,63,"[0, 1, 2, 3, 4, 5]","[0, 1, 2, 3, 4, 5, 6, 7, 8, 9, 10, 11, 12, 13, 14, 15, 16, 17, 18, 19]",6,20,355.0,True,1.0356614242871763e-08,0.4735894541593197,0.8516755043770198,0.8105837536106284,all_checks,,,[],0.5256242339123709,0.8133334379216216,0.7741798424672905
synthetic_cheap_signal,51967,3,"[0, 1]","[0, 1, 2, 3, 4, 5, 6, 7]",2,8,30.0,True,1.0091016925463684e-09,0.3834048305777613,0.907241050232272,0.8775559596901386,group_lasso_path_refit,0.0,0.3834048305777613,"[0, 1]",0.4108171805893516,0.8924788803429581,0.8622441854397818
synthetic_cheap_signal,51967,3,"[0, 1]","[0, 1, 2, 3, 4, 5, 6, 7]",2,8,30.0,True,1.0091016925463684e-09,0.3834048305777613,0.907241050232272,0.8775559596901386,enumerated_refit,0.0,0.3834048305777613,"[0, 1]",0.4108171805893516,0.8924788803429581,0.8622441854397818
synthetic_cheap_signal,51967,3,"[0, 1]","[0, 1, 2, 3, 4, 5, 6, 7]",2,8,30.0,True,1.0091016925463684e-09,0.3834048305777613,0.907241050232272,0.8775559596901386,group_lasso_path_refit,0.00025,0.3909048305777613,"[0, 1]",0.4108171805893516,0.8924788803429581,0.8622441854397818
synthetic_cheap_signal,51967,3,"[0, 1]","[0, 1, 2, 3, 4, 5, 6, 7]",2,8,30.0,True,1.0091016925463684e-09,0.3834048305777613,0.907241050232272,0.8775559596901386,enumerated_refit,0.00025,0.3909048305777613,"[0, 1]",0.4108171805893516,0.8924788803429581,0.8622441854397818
synthetic_cheap_signal,51967,3,"[0, 1]","[0, 1, 2, 3, 4, 5, 6, 7]",2,8,30.0,True,1.0091016925463684e-09,0.3834048305777613,0.907241050232272,0.8775559596901386,group_lasso_path_refit,0.0005,0.3984048305777613,"[0, 1]",0.4108171805893516,0.8924788803429581,0.8622441854397818
synthetic_cheap_signal,51967,3,"[0, 1]","[0, 1, 2, 3, 4, 5, 6, 7]",2,8,30.0,True,1.0091016925463684e-09,0.3834048305777613,0.907241050232272,0.8775559596901386,enumerated_refit,0.0005,0.3984048305777613,"[0, 1]",0.4108171805893516,0.8924788803429581,0.8622441854397818
synthetic_cheap_signal,51967,3,"[0, 1]","[0, 1, 2, 3, 4, 5, 6, 7]",2,8,30.0,True,1.0091016925463684e-09,0.3834048305777613,0.907241050232272,0.8775559596901386,group_lasso_path_refit,0.001,0.41340483057776134,"[0, 1]",0.4108171805893516,0.8924788803429581,0.8622441854397818
synthetic_cheap_signal,51967,3,"[0, 1]","[0, 1, 2, 3, 4, 5, 6, 7]",2,8,30.0,True,1.0091016925463684e-09,0.3834048305777613,0.907241050232272,0.8775559596901386,enumerated_refit,0.001,0.41340483057776134,"[0, 1]",0.4108171805893516,0.8924788803429581,0.8622441854397818
synthetic_cheap_signal,51967,3,"[0, 1]","[0, 1, 2, 3, 4, 5, 6, 7]",2,8,30.0,True,1.0091016925463684e-09,0.3834048305777613,0.907241050232272,0.8775559596901386,group_lasso_path_refit,0.002,0.4434048305777613,"[0, 1]",0.4108171805893516,0.8924788803429581,0.8622441854397818
synthetic_cheap_signal,51967,3,"[0, 1]","[0, 1, 2, 3, 4, 5, 6, 7]",2,8,30.0,True,1.0091016925463684e-09,0.3834048305777613,0.907241050232272,0.8775559596901386,enumerated_refit,0.002,0.4434048305777613,"[0, 1]",0.4108171805893516,0.8924788803429581,0.8622441854397818
synthetic_cheap_signal,51967,1,[0],"[0, 1, 2, 3, 4]",1,5,10.0,True,3.8302549442288366e-09,0.46495165015089657,0.8564803495516243,0.8297096488871905,group_lasso_path_refit,0.005,0.5149516501508966,"[0, 1]",0.5238502813826146,0.8135087000378263,0.7646170118038975
synthetic_cheap_signal,51967,1,[0],"[0, 1, 2, 3, 4]",1,5,10.0,True,3.8302549442288366e-09,0.46495165015089657,0.8564803495516243,0.8297096488871905,enumerated_refit,0.005,0.5149516501508966,"[0, 1]",0.5238502813826146,0.8135087000378263,0.7646170118038975
synthetic_cheap_signal,51967,1,[0],"[0, 1, 2, 3, 4]",1,5,10.0,True,3.8302549442288366e-09,0.46495165015089657,0.8564803495516243,0.8297096488871905,group_lasso_path_refit,0.01,0.5649516501508965,"[0, 1]",0.5238502813826146,0.8135087000378263,0.7646170118038975
synthetic_cheap_signal,51967,1,[0],"[0, 1, 2, 3, 4]",1,5,10.0,True,3.8302549442288366e-09,0.46495165015089657,0.8564803495516243,0.8297096488871905,enumerated_refit,0.01,0.5649516501508965,"[0, 1]",0.5238502813826146,0.8135087000378263,0.7646170118038975
synthetic_cheap_signal,51967,0,[],"[0, 1]",0,2,0.0,True,1.0358005963106912e-09,0.6570225922753997,0.6358337736905617,0.5364917827446829,group_lasso_path_refit,0.02,0.6570225922753997,"[0, 1]",0.6695103300841326,0.5970558567645946,0.5118097677003379
synthetic_cheap_signal,51967,0,[],"[0, 1]",0,2,0.0,True,1.0358005963106912e-09,0.6570225922753997,0.6358337736905617,0.5364917827446829,enumerated_refit,0.02,0.6570225922753997,"[0, 1]",0.6695103300841326,0.5970558567645946,0.5118097677003379
synthetic_cheap_signal,51967,0,[],"[0, 1]",0,2,0.0,True,1.0358005963106912e-09,0.6570225922753997,0.6358337736905617,0.5364917827446829,free_only,,,"[0, 1]",0.6695103300841326,0.5970558567645946,0.5118097677003379
synthetic_cheap_signal,51967,63,"[0, 1, 2, 3, 4, 5]","[0, 1, 2, 3, 4, 5, 6, 7, 8, 9, 10, 11, 12, 13, 14, 15, 16, 17, 18, 19]",6,20,355.0,True,1.5280145496914378e-09,0.39093910282750655,0.9020829554148166,0.8730330436559643,all_checks,,,"[0, 1]",0.4137467852058429,0.8904299583911233,0.8579022554198673
synthetic_expensive_signal,51967,20,"[2, 4]","[0, 1, 8, 9, 10, 14, 15, 16]",2,8,125.0,True,1.8551963520962999e-09,0.45386066297158595,0.8632094254327407,0.8450290012060666,group_lasso_path_refit,0.0,0.45386066297158595,"[2, 4]",0.43940273992926077,0.8768884828894666,0.8389163308117612
synthetic_expensive_signal,51967,28,"[2, 3, 4]","[0, 1, 8, 9, 10, 11, 12, 13, 14, 15, 16]",3,11,185.0,False,6.260010003788607e-10,0.4535898714023127,0.8634748865934306,0.8446961098564088,enumerated_refit,0.0,0.4535898714023127,"[2, 4]",0.4401430363135436,0.8758110228843137,0.8386724039523272
synthetic_expensive_signal,51967,20,"[2, 4]","[0, 1, 8, 9, 10, 14, 15, 16]",2,8,125.0,True,1.8551963520962999e-09,0.45386066297158595,0.8632094254327407,0.8450290012060666,group_lasso_path_refit,0.00025,0.48511066297158595,"[2, 4]",0.43940273992926077,0.8768884828894666,0.8389163308117612
synthetic_expensive_signal,51967,20,"[2, 4]","[0, 1, 8, 9, 10, 14, 15, 16]",2,8,125.0,True,1.8551963520962999e-09,0.45386066297158595,0.8632094254327407,0.8450290012060666,enumerated_refit,0.00025,0.48511066297158595,"[2, 4]",0.43940273992926077,0.8768884828894666,0.8389163308117612
synthetic_expensive_signal,51967,20,"[2, 4]","[0, 1, 8, 9, 10, 14, 15, 16]",2,8,125.0,True,1.8551963520962999e-09,0.45386066297158595,0.8632094254327407,0.8450290012060666,group_lasso_path_refit,0.0005,0.516360662971586,"[2, 4]",0.43940273992926077,0.8768884828894666,0.8389163308117612
synthetic_expensive_signal,51967,20,"[2, 4]","[0, 1, 8, 9, 10, 14, 15, 16]",2,8,125.0,True,1.8551963520962999e-09,0.45386066297158595,0.8632094254327407,0.8450290012060666,enumerated_refit,0.0005,0.516360662971586,"[2, 4]",0.43940273992926077,0.8768884828894666,0.8389163308117612
synthetic_expensive_signal,51967,20,"[2, 4]","[0, 1, 8, 9, 10, 14, 15, 16]",2,8,125.0,True,1.8551963520962999e-09,0.45386066297158595,0.8632094254327407,0.8450290012060666,group_lasso_path_refit,0.001,0.578860662971586,"[2, 4]",0.43940273992926077,0.8768884828894666,0.8389163308117612
synthetic_expensive_signal,51967,20,"[2, 4]","[0, 1, 8, 9, 10, 14, 15, 16]",2,8,125.0,True,1.8551963520962999e-09,0.45386066297158595,0.8632094254327407,0.8450290012060666,enumerated_refit,0.001,0.578860662971586,"[2, 4]",0.43940273992926077,0.8768884828894666,0.8389163308117612
synthetic_expensive_signal,51967,0,[],"[0, 1]",0,2,0.0,True,5.527565874155174e-10,0.6750257328186956,0.5917207348589543,0.5401880509721797,group_lasso_path_refit,0.002,0.6750257328186956,"[2, 4]",0.6756282104994719,0.5980449566283309,0.5135654772243597
synthetic_expensive_signal,51967,0,[],"[0, 1]",0,2,0.0,True,5.527565874155174e-10,0.6750257328186956,0.5917207348589543,0.5401880509721797,enumerated_refit,0.002,0.6750257328186956,"[2, 4]",0.6756282104994719,0.5980449566283309,0.5135654772243597
synthetic_expensive_signal,51967,0,[],"[0, 1]",0,2,0.0,True,5.527565874155174e-10,0.6750257328186956,0.5917207348589543,0.5401880509721797,group_lasso_path_refit,0.005,0.6750257328186956,"[2, 4]",0.6756282104994719,0.5980449566283309,0.5135654772243597
synthetic_expensive_signal,51967,0,[],"[0, 1]",0,2,0.0,True,5.527565874155174e-10,0.6750257328186956,0.5917207348589543,0.5401880509721797,enumerated_refit,0.005,0.6750257328186956,"[2, 4]",0.6756282104994719,0.5980449566283309,0.5135654772243597
synthetic_expensive_signal,51967,0,[],"[0, 1]",0,2,0.0,True,5.527565874155174e-10,0.6750257328186956,0.5917207348589543,0.5401880509721797,group_lasso_path_refit,0.01,0.6750257328186956,"[2, 4]",0.6756282104994719,0.5980449566283309,0.5135654772243597
synthetic_expensive_signal,51967,0,[],"[0, 1]",0,2,0.0,True,5.527565874155174e-10,0.6750257328186956,0.5917207348589543,0.5401880509721797,enumerated_refit,0.01,0.6750257328186956,"[2, 4]",0.6756282104994719,0.5980449566283309,0.5135654772243597
synthetic_expensive_signal,51967,0,[],"[0, 1]",0,2,0.0,True,5.527565874155174e-10,0.6750257328186956,0.5917207348589543,0.5401880509721797,group_lasso_path_refit,0.02,0.6750257328186956,"[2, 4]",0.6756282104994719,0.5980449566283309,0.5135654772243597
synthetic_expensive_signal,51967,0,[],"[0, 1]",0,2,0.0,True,5.527565874155174e-10,0.6750257328186956,0.5917207348589543,0.5401880509721797,enumerated_refit,0.02,0.6750257328186956,"[2, 4]",0.6756282104994719,0.5980449566283309,0.5135654772243597
synthetic_expensive_signal,51967,0,[],"[0, 1]",0,2,0.0,True,5.527565874155174e-10,0.6750257328186956,0.5917207348589543,0.5401880509721797,free_only,,,"[2, 4]",0.6756282104994719,0.5980449566283309,0.5135654772243597
synthetic_expensive_signal,51967,63,"[0, 1, 2, 3, 4, 5]","[0, 1, 2, 3, 4, 5, 6, 7, 8, 9, 10, 11, 12, 13, 14, 15, 16, 17, 18, 19]",6,20,355.0,True,3.1944305497944153e-09,0.45649933916224494,0.8597271996189851,0.8446035522122929,all_checks,,,"[2, 4]",0.4414768361274781,0.8757173307099526,0.8358574712661827
synthetic_free_signal,51967,2,[1],"[0, 1, 5, 6, 7]",1,5,20.0,True,2.795828896142123e-10,0.46001325421490485,0.8586242356210407,0.8204662195164444,group_lasso_path_refit,0.0,0.46001325421490485,[],0.46201254798141095,0.8571877134177454,0.8442655553003837
synthetic_free_signal,51967,2,[1],"[0, 1, 5, 6, 7]",1,5,20.0,True,2.795828896142123e-10,0.46001325421490485,0.8586242356210407,0.8204662195164444,enumerated_refit,0.0,0.46001325421490485,[],0.46201254798141095,0.8571877134177454,0.8442655553003837
synthetic_free_signal,51967,0,[],"[0, 1]",0,2,0.0,True,7.696383448247885e-11,0.46130719479063936,0.8576744040002827,0.8191341463578888,group_lasso_path_refit,0.00025,0.46130719479063936,[],0.46339190299515925,0.8564733772401503,0.8421983445177886
synthetic_free_signal,51967,0,[],"[0, 1]",0,2,0.0,True,7.696383448247885e-11,0.46130719479063936,0.8576744040002827,0.8191341463578888,enumerated_refit,0.00025,0.46130719479063936,[],0.46339190299515925,0.8564733772401503,0.8421983445177886
synthetic_free_signal,51967,0,[],"[0, 1]",0,2,0.0,True,7.696383448247885e-11,0.46130719479063936,0.8576744040002827,0.8191341463578888,group_lasso_path_refit,0.0005,0.46130719479063936,[],0.46339190299515925,0.8564733772401503,0.8421983445177886
synthetic_free_signal,51967,0,[],"[0, 1]",0,2,0.0,True,7.696383448247885e-11,0.46130719479063936,0.8576744040002827,0.8191341463578888,enumerated_refit,0.0005,0.46130719479063936,[],0.46339190299515925,0.8564733772401503,0.8421983445177886
synthetic_free_signal,51967,0,[],"[0, 1]",0,2,0.0,True,7.696383448247885e-11,0.46130719479063936,0.8576744040002827,0.8191341463578888,group_lasso_path_refit,0.001,0.46130719479063936,[],0.46339190299515925,0.8564733772401503,0.8421983445177886
synthetic_free_signal,51967,0,[],"[0, 1]",0,2,0.0,True,7.696383448247885e-11,0.46130719479063936,0.8576744040002827,0.8191341463578888,enumerated_refit,0.001,0.46130719479063936,[],0.46339190299515925,0.8564733772401503,0.8421983445177886
synthetic_free_signal,51967,0,[],"[0, 1]",0,2,0.0,True,7.696383448247885e-11,0.46130719479063936,0.8576744040002827,0.8191341463578888,group_lasso_path_refit,0.002,0.46130719479063936,[],0.46339190299515925,0.8564733772401503,0.8421983445177886
synthetic_free_signal,51967,0,[],"[0, 1]",0,2,0.0,True,7.696383448247885e-11,0.46130719479063936,0.8576744040002827,0.8191341463578888,enumerated_refit,0.002,0.46130719479063936,[],0.46339190299515925,0.8564733772401503,0.8421983445177886
synthetic_free_signal,51967,0,[],"[0, 1]",0,2,0.0,True,7.696383448247885e-11,0.46130719479063936,0.8576744040002827,0.8191341463578888,group_lasso_path_refit,0.005,0.46130719479063936,[],0.46339190299515925,0.8564733772401503,0.8421983445177886
synthetic_free_signal,51967,0,[],"[0, 1]",0,2,0.0,True,7.696383448247885e-11,0.46130719479063936,0.8576744040002827,0.8191341463578888,enumerated_refit,0.005,0.46130719479063936,[],0.46339190299515925,0.8564733772401503,0.8421983445177886
synthetic_free_signal,51967,0,[],"[0, 1]",0,2,0.0,True,7.696383448247885e-11,0.46130719479063936,0.8576744040002827,0.8191341463578888,group_lasso_path_refit,0.01,0.46130719479063936,[],0.46339190299515925,0.8564733772401503,0.8421983445177886
synthetic_free_signal,51967,0,[],"[0, 1]",0,2,0.0,True,7.696383448247885e-11,0.46130719479063936,0.8576744040002827,0.8191341463578888,enumerated_refit,0.01,0.46130719479063936,[],0.46339190299515925,0.8564733772401503,0.8421983445177886
synthetic_free_signal,51967,0,[],"[0, 1]",0,2,0.0,True,7.696383448247885e-11,0.46130719479063936,0.8576744040002827,0.8191341463578888,group_lasso_path_refit,0.02,0.46130719479063936,[],0.46339190299515925,0.8564733772401503,0.8421983445177886
synthetic_free_signal,51967,0,[],"[0, 1]",0,2,0.0,True,7.696383448247885e-11,0.46130719479063936,0.8576744040002827,0.8191341463578888,enumerated_refit,0.02,0.46130719479063936,[],0.46339190299515925,0.8564733772401503,0.8421983445177886
synthetic_free_signal,51967,0,[],"[0, 1]",0,2,0.0,True,7.696383448247885e-11,0.46130719479063936,0.8576744040002827,0.8191341463578888,free_only,,,[],0.46339190299515925,0.8564733772401503,0.8421983445177886
synthetic_free_signal,51967,63,"[0, 1, 2, 3, 4, 5]","[0, 1, 2, 3, 4, 5, 6, 7, 8, 9, 10, 11, 12, 13, 14, 15, 16, 17, 18, 19]",6,20,355.0,True,9.129127740689588e-09,0.46600064388036905,0.853945726150199,0.8159841926907366,all_checks,,,[],0.4600048246127242,0.8578706502029186,0.8426426963280591
synthetic_cheap_signal,51968,11,"[0, 1, 3]","[0, 1, 2, 3, 4, 5, 6, 7, 11, 12, 13]",3,11,90.0,True,3.860110930232346e-09,0.41196683209400187,0.8914297293926924,0.8708045925295841,group_lasso_path_refit,0.0,0.41196683209400187,"[0, 1]",0.43131740008126357,0.8802804284323271,0.849447335415333
synthetic_cheap_signal,51968,11,"[0, 1, 3]","[0, 1, 2, 3, 4, 5, 6, 7, 11, 12, 13]",3,11,90.0,True,3.860110930232346e-09,0.41196683209400187,0.8914297293926924,0.8708045925295841,enumerated_refit,0.0,0.41196683209400187,"[0, 1]",0.43131740008126357,0.8802804284323271,0.849447335415333
synthetic_cheap_signal,51968,3,"[0, 1]","[0, 1, 2, 3, 4, 5, 6, 7]",2,8,30.0,True,7.748284526804699e-10,0.4144923810298569,0.8902372490335454,0.8691243266004202,group_lasso_path_refit,0.00025,0.4219923810298569,"[0, 1]",0.4293631187452662,0.8820253164556962,0.8509219588677499
synthetic_cheap_signal,51968,3,"[0, 1]","[0, 1, 2, 3, 4, 5, 6, 7]",2,8,30.0,True,7.748284526804699e-10,0.4144923810298569,0.8902372490335454,0.8691243266004202,enumerated_refit,0.00025,0.4219923810298569,"[0, 1]",0.4293631187452662,0.8820253164556962,0.8509219588677499
synthetic_cheap_signal,51968,3,"[0, 1]","[0, 1, 2, 3, 4, 5, 6, 7]",2,8,30.0,True,7.748284526804699e-10,0.4144923810298569,0.8902372490335454,0.8691243266004202,group_lasso_path_refit,0.0005,0.42949238102985693,"[0, 1]",0.4293631187452662,0.8820253164556962,0.8509219588677499
synthetic_cheap_signal,51968,3,"[0, 1]","[0, 1, 2, 3, 4, 5, 6, 7]",2,8,30.0,True,7.748284526804699e-10,0.4144923810298569,0.8902372490335454,0.8691243266004202,enumerated_refit,0.0005,0.42949238102985693,"[0, 1]",0.4293631187452662,0.8820253164556962,0.8509219588677499
synthetic_cheap_signal,51968,3,"[0, 1]","[0, 1, 2, 3, 4, 5, 6, 7]",2,8,30.0,True,7.748284526804699e-10,0.4144923810298569,0.8902372490335454,0.8691243266004202,group_lasso_path_refit,0.001,0.4444923810298569,"[0, 1]",0.4293631187452662,0.8820253164556962,0.8509219588677499
synthetic_cheap_signal,51968,3,"[0, 1]","[0, 1, 2, 3, 4, 5, 6, 7]",2,8,30.0,True,7.748284526804699e-10,0.4144923810298569,0.8902372490335454,0.8691243266004202,enumerated_refit,0.001,0.4444923810298569,"[0, 1]",0.4293631187452662,0.8820253164556962,0.8509219588677499
synthetic_cheap_signal,51968,3,"[0, 1]","[0, 1, 2, 3, 4, 5, 6, 7]",2,8,30.0,True,7.748284526804699e-10,0.4144923810298569,0.8902372490335454,0.8691243266004202,group_lasso_path_refit,0.002,0.4744923810298569,"[0, 1]",0.4293631187452662,0.8820253164556962,0.8509219588677499
synthetic_cheap_signal,51968,3,"[0, 1]","[0, 1, 2, 3, 4, 5, 6, 7]",2,8,30.0,True,7.748284526804699e-10,0.4144923810298569,0.8902372490335454,0.8691243266004202,enumerated_refit,0.002,0.4744923810298569,"[0, 1]",0.4293631187452662,0.8820253164556962,0.8509219588677499
synthetic_cheap_signal,51968,3,"[0, 1]","[0, 1, 2, 3, 4, 5, 6, 7]",2,8,30.0,True,7.748284526804699e-10,0.4144923810298569,0.8902372490335454,0.8691243266004202,group_lasso_path_refit,0.005,0.5644923810298569,"[0, 1]",0.4293631187452662,0.8820253164556962,0.8509219588677499
synthetic_cheap_signal,51968,3,"[0, 1]","[0, 1, 2, 3, 4, 5, 6, 7]",2,8,30.0,True,7.748284526804699e-10,0.4144923810298569,0.8902372490335454,0.8691243266004202,enumerated_refit,0.005,0.5644923810298569,"[0, 1]",0.4293631187452662,0.8820253164556962,0.8509219588677499
synthetic_cheap_signal,51968,1,[0],"[0, 1, 2, 3, 4]",1,5,10.0,True,1.6578002420314277e-08,0.5296465211579936,0.8088134430727023,0.7600197845182788,group_lasso_path_refit,0.01,0.6296465211579936,"[0, 1]",0.4873313062455351,0.8454995131450828,0.8045383681916884
synthetic_cheap_signal,51968,1,[0],"[0, 1, 2, 3, 4]",1,5,10.0,True,1.6578002420314277e-08,0.5296465211579936,0.8088134430727023,0.7600197845182788,enumerated_refit,0.01,0.6296465211579936,"[0, 1]",0.4873313062455351,0.8454995131450828,0.8045383681916884
synthetic_cheap_signal,51968,0,[],"[0, 1]",0,2,0.0,True,4.384903420136906e-11,0.679577563877003,0.563957475994513,0.5160498933801865,group_lasso_path_refit,0.02,0.679577563877003,"[0, 1]",0.6875862490472889,0.5435559883154819,0.49028338916885666
synthetic_cheap_signal,51968,0,[],"[0, 1]",0,2,0.0,True,4.384903420136906e-11,0.679577563877003,0.563957475994513,0.5160498933801865,enumerated_refit,0.02,0.679577563877003,"[0, 1]",0.6875862490472889,0.5435559883154819,0.49028338916885666
synthetic_cheap_signal,51968,0,[],"[0, 1]",0,2,0.0,True,4.384903420136906e-11,0.679577563877003,0.563957475994513,0.5160498933801865,free_only,,,"[0, 1]",0.6875862490472889,0.5435559883154819,0.49028338916885666
synthetic_cheap_signal,51968,63,"[0, 1, 2, 3, 4, 5]","[0, 1, 2, 3, 4, 5, 6, 7, 8, 9, 10, 11, 12, 13, 14, 15, 16, 17, 18, 19]",6,20,355.0,True,2.8908750008407256e-09,0.41269915697792925,0.8908685621648587,0.870340956754633,all_checks,,,"[0, 1]",0.43356932278826743,0.8796183057448881,0.8483609505128731
synthetic_expensive_signal,51968,20,"[2, 4]","[0, 1, 8, 9, 10, 14, 15, 16]",2,8,125.0,True,1.2966121710518289e-09,0.45792377014365476,0.8648347222652498,0.8521167150064118,group_lasso_path_refit,0.0,0.45792377014365476,"[2, 4]",0.459310775396528,0.8599865282326435,0.8519495057044463
synthetic_expensive_signal,51968,22,"[1, 2, 4]","[0, 1, 5, 6, 7, 8, 9, 10, 14, 15, 16]",3,11,145.0,False,1.962088471239848e-09,0.45788277359880253,0.8651832460732984,0.852542907930332,enumerated_refit,0.0,0.45788277359880253,"[2, 4]",0.4640062374849102,0.8569050550097168,0.8474246671850851
synthetic_expensive_signal,51968,20,"[2, 4]","[0, 1, 8, 9, 10, 14, 15, 16]",2,8,125.0,True,1.2966121710518289e-09,0.45792377014365476,0.8648347222652498,0.8521167150064118,group_lasso_path_refit,0.00025,0.48917377014365476,"[2, 4]",0.459310775396528,0.8599865282326435,0.8519495057044463
synthetic_expensive_signal,51968,20,"[2, 4]","[0, 1, 8, 9, 10, 14, 15, 16]",2,8,125.0,True,1.2966121710518289e-09,0.45792377014365476,0.8648347222652498,0.8521167150064118,enumerated_refit,0.00025,0.48917377014365476,"[2, 4]",0.459310775396528,0.8599865282326435,0.8519495057044463
synthetic_expensive_signal,51968,20,"[2, 4]","[0, 1, 8, 9, 10, 14, 15, 16]",2,8,125.0,True,1.2966121710518289e-09,0.45792377014365476,0.8648347222652498,0.8521167150064118,group_lasso_path_refit,0.0005,0.5204237701436547,"[2, 4]",0.459310775396528,0.8599865282326435,0.8519495057044463
synthetic_expensive_signal,51968,20,"[2, 4]","[0, 1, 8, 9, 10, 14, 15, 16]",2,8,125.0,True,1.2966121710518289e-09,0.45792377014365476,0.8648347222652498,0.8521167150064118,enumerated_refit,0.0005,0.5204237701436547,"[2, 4]",0.459310775396528,0.8599865282326435,0.8519495057044463
synthetic_expensive_signal,51968,20,"[2, 4]","[0, 1, 8, 9, 10, 14, 15, 16]",2,8,125.0,True,1.2966121710518289e-09,0.45792377014365476,0.8648347222652498,0.8521167150064118,group_lasso_path_refit,0.001,0.5829237701436547,"[2, 4]",0.459310775396528,0.8599865282326435,0.8519495057044463
synthetic_expensive_signal,51968,20,"[2, 4]","[0, 1, 8, 9, 10, 14, 15, 16]",2,8,125.0,True,1.2966121710518289e-09,0.45792377014365476,0.8648347222652498,0.8521167150064118,enumerated_refit,0.001,0.5829237701436547,"[2, 4]",0.459310775396528,0.8599865282326435,0.8519495057044463
synthetic_expensive_signal,51968,0,[],"[0, 1]",0,2,0.0,True,3.135931185509148e-11,0.6826856602595825,0.5845828557266335,0.5279204295521813,group_lasso_path_refit,0.002,0.6826856602595825,"[2, 4]",0.6888722405765811,0.5583815297424105,0.5020541437192726
synthetic_expensive_signal,51968,0,[],"[0, 1]",0,2,0.0,True,3.135931185509148e-11,0.6826856602595825,0.5845828557266335,0.5279204295521813,enumerated_refit,0.002,0.6826856602595825,"[2, 4]",0.6888722405765811,0.5583815297424105,0.5020541437192726
synthetic_expensive_signal,51968,0,[],"[0, 1]",0,2,0.0,True,3.135931185509148e-11,0.6826856602595825,0.5845828557266335,0.5279204295521813,group_lasso_path_refit,0.005,0.6826856602595825,"[2, 4]",0.6888722405765811,0.5583815297424105,0.5020541437192726
synthetic_expensive_signal,51968,0,[],"[0, 1]",0,2,0.0,True,3.135931185509148e-11,0.6826856602595825,0.5845828557266335,0.5279204295521813,enumerated_refit,0.005,0.6826856602595825,"[2, 4]",0.6888722405765811,0.5583815297424105,0.5020541437192726
synthetic_expensive_signal,51968,0,[],"[0, 1]",0,2,0.0,True,3.135931185509148e-11,0.6826856602595825,0.5845828557266335,0.5279204295521813,group_lasso_path_refit,0.01,0.6826856602595825,"[2, 4]",0.6888722405765811,0.5583815297424105,0.5020541437192726
synthetic_expensive_signal,51968,0,[],"[0, 1]",0,2,0.0,True,3.135931185509148e-11,0.6826856602595825,0.5845828557266335,0.5279204295521813,enumerated_refit,0.01,0.6826856602595825,"[2, 4]",0.6888722405765811,0.5583815297424105,0.5020541437192726
synthetic_expensive_signal,51968,0,[],"[0, 1]",0,2,0.0,True,3.135931185509148e-11,0.6826856602595825,0.5845828557266335,0.5279204295521813,group_lasso_path_refit,0.02,0.6826856602595825,"[2, 4]",0.6888722405765811,0.5583815297424105,0.5020541437192726
synthetic_expensive_signal,51968,0,[],"[0, 1]",0,2,0.0,True,3.135931185509148e-11,0.6826856602595825,0.5845828557266335,0.5279204295521813,enumerated_refit,0.02,0.6826856602595825,"[2, 4]",0.6888722405765811,0.5583815297424105,0.5020541437192726
synthetic_expensive_signal,51968,0,[],"[0, 1]",0,2,0.0,True,3.135931185509148e-11,0.6826856602595825,0.5845828557266335,0.5279204295521813,free_only,,,"[2, 4]",0.6888722405765811,0.5583815297424105,0.5020541437192726
synthetic_expensive_signal,51968,63,"[0, 1, 2, 3, 4, 5]","[0, 1, 2, 3, 4, 5, 6, 7, 8, 9, 10, 11, 12, 13, 14, 15, 16, 17, 18, 19]",6,20,355.0,True,1.4376446374650004e-09,0.4610340874941501,0.8629217138077387,0.8503697621397647,all_checks,,,"[2, 4]",0.4667564206260334,0.8573695987116654,0.8467735462879579
synthetic_free_signal,51968,0,[],"[0, 1]",0,2,0.0,True,1.578514818178665e-09,0.4430817632786027,0.8733191512744228,0.8468360281127175,group_lasso_path_refit,0.0,0.4430817632786027,[],0.4681251894550726,0.8533334379979748,0.8365553626061359
synthetic_free_signal,51968,20,"[2, 4]","[0, 1, 8, 9, 10, 14, 15, 16]",2,8,125.0,False,8.856930414078907e-09,0.4419191862111987,0.8742218838065483,0.8477531795999536,enumerated_refit,0.0,0.4419191862111987,[],0.46767447050454175,0.8535218343525053,0.8360375454136524
synthetic_free_signal,51968,0,[],"[0, 1]",0,2,0.0,True,1.578514818178665e-09,0.4430817632786027,0.8733191512744228,0.8468360281127175,group_lasso_path_refit,0.00025,0.4430817632786027,[],0.4681251894550726,0.8533334379979748,0.8365553626061359
synthetic_free_signal,51968,0,[],"[0, 1]",0,2,0.0,True,1.578514818178665e-09,0.4430817632786027,0.8733191512744228,0.8468360281127175,enumerated_refit,0.00025,0.4430817632786027,[],0.4681251894550726,0.8533334379979748,0.8365553626061359
synthetic_free_signal,51968,0,[],"[0, 1]",0,2,0.0,True,1.578514818178665e-09,0.4430817632786027,0.8733191512744228,0.8468360281127175,group_lasso_path_refit,0.0005,0.4430817632786027,[],0.4681251894550726,0.8533334379979748,0.8365553626061359
synthetic_free_signal,51968,0,[],"[0, 1]",0,2,0.0,True,1.578514818178665e-09,0.4430817632786027,0.8733191512744228,0.8468360281127175,enumerated_refit,0.0005,0.4430817632786027,[],0.4681251894550726,0.8533334379979748,0.8365553626061359
synthetic_free_signal,51968,0,[],"[0, 1]",0,2,0.0,True,1.578514818178665e-09,0.4430817632786027,0.8733191512744228,0.8468360281127175,group_lasso_path_refit,0.001,0.4430817632786027,[],0.4681251894550726,0.8533334379979748,0.8365553626061359
synthetic_free_signal,51968,0,[],"[0, 1]",0,2,0.0,True,1.578514818178665e-09,0.4430817632786027,0.8733191512744228,0.8468360281127175,enumerated_refit,0.001,0.4430817632786027,[],0.4681251894550726,0.8533334379979748,0.8365553626061359
synthetic_free_signal,51968,0,[],"[0, 1]",0,2,0.0,True,1.578514818178665e-09,0.4430817632786027,0.8733191512744228,0.8468360281127175,group_lasso_path_refit,0.002,0.4430817632786027,[],0.4681251894550726,0.8533334379979748,0.8365553626061359
synthetic_free_signal,51968,0,[],"[0, 1]",0,2,0.0,True,1.578514818178665e-09,0.4430817632786027,0.8733191512744228,0.8468360281127175,enumerated_refit,0.002,0.4430817632786027,[],0.4681251894550726,0.8533334379979748,0.8365553626061359
synthetic_free_signal,51968,0,[],"[0, 1]",0,2,0.0,True,1.578514818178665e-09,0.4430817632786027,0.8733191512744228,0.8468360281127175,group_lasso_path_refit,0.005,0.4430817632786027,[],0.4681251894550726,0.8533334379979748,0.8365553626061359
synthetic_free_signal,51968,0,[],"[0, 1]",0,2,0.0,True,1.578514818178665e-09,0.4430817632786027,0.8733191512744228,0.8468360281127175,enumerated_refit,0.005,0.4430817632786027,[],0.4681251894550726,0.8533334379979748,0.8365553626061359
synthetic_free_signal,51968,0,[],"[0, 1]",0,2,0.0,True,1.578514818178665e-09,0.4430817632786027,0.8733191512744228,0.8468360281127175,group_lasso_path_refit,0.01,0.4430817632786027,[],0.4681251894550726,0.8533334379979748,0.8365553626061359
synthetic_free_signal,51968,0,[],"[0, 1]",0,2,0.0,True,1.578514818178665e-09,0.4430817632786027,0.8733191512744228,0.8468360281127175,enumerated_refit,0.01,0.4430817632786027,[],0.4681251894550726,0.8533334379979748,0.8365553626061359
synthetic_free_signal,51968,0,[],"[0, 1]",0,2,0.0,True,1.578514818178665e-09,0.4430817632786027,0.8733191512744228,0.8468360281127175,group_lasso_path_refit,0.02,0.4430817632786027,[],0.4681251894550726,0.8533334379979748,0.8365553626061359
synthetic_free_signal,51968,0,[],"[0, 1]",0,2,0.0,True,1.578514818178665e-09,0.4430817632786027,0.8733191512744228,0.8468360281127175,enumerated_refit,0.02,0.4430817632786027,[],0.4681251894550726,0.8533334379979748,0.8365553626061359
synthetic_free_signal,51968,0,[],"[0, 1]",0,2,0.0,True,1.578514818178665e-09,0.4430817632786027,0.8733191512744228,0.8468360281127175,free_only,,,[],0.4681251894550726,0.8533334379979748,0.8365553626061359
synthetic_free_signal,51968,63,"[0, 1, 2, 3, 4, 5]","[0, 1, 2, 3, 4, 5, 6, 7, 8, 9, 10, 11, 12, 13, 14, 15, 16, 17, 18, 19]",6,20,355.0,True,1.522444163849631e-09,0.44415261581002075,0.8727775117551475,0.8456725130092537,all_checks,,,[],0.4665319497310209,0.8549976057963279,0.8365314239348887
