task,method,alpha,repeats,cost_mean,cost_sd,n_groups_mean,n_groups_sd,n_features_mean,n_features_sd,test_bce_mean,test_bce_sd,test_auroc_mean,test_auroc_sd,test_ap_mean,test_ap_sd
synthetic_cheap_signal,all_checks,,3,355.0,0.0,6.0,0.0,20.0,0.0,0.41818719820224065,0.013712185764298343,0.8877794878030345,0.007211027244115641,0.8589157872087826,0.011096372690324121
synthetic_cheap_signal,enumerated_refit,0.0,3,70.0,34.64101615137755,2.6666666666666665,0.5773502691896258,10.0,1.7320508075688772,0.41657684078226054,0.012866901778187424,0.8886518371023101,0.007258718903532317,0.8604039639069749,0.010162258583424311
synthetic_cheap_signal,enumerated_refit,0.00025,3,30.0,0.0,2.0,0.0,8.0,0.0,0.4160698690831133,0.01159637544441084,0.8890663611253066,0.006098679955769205,0.8606906915546366,0.009092074299318808
synthetic_cheap_signal,enumerated_refit,0.0005,3,30.0,0.0,2.0,0.0,8.0,0.0,0.4160698690831133,0.01159637544441084,0.8890663611253066,0.006098679955769205,0.8606906915546366,0.009092074299318808
synthetic_cheap_signal,enumerated_refit,0.001,3,30.0,0.0,2.0,0.0,8.0,0.0,0.4160698690831133,0.01159637544441084,0.8890663611253066,0.006098679955769205,0.8606906915546366,0.009092074299318808
synthetic_cheap_signal,enumerated_refit,0.002,3,30.0,0.0,2.0,0.0,8.0,0.0,0.4160698690831133,0.01159637544441084,0.8890663611253066,0.006098679955769205,0.8606906915546366,0.009092074299318808
synthetic_cheap_signal,enumerated_refit,0.005,3,16.666666666666668,11.547005383792515,1.3333333333333333,0.5773502691896257,6.0,1.7320508075688772,0.48668143585192974,0.0503632492935827,0.8396589346034095,0.0370250490338152,0.8010489203845758,0.04469489849765208
synthetic_cheap_signal,enumerated_refit,0.01,3,10.0,0.0,1.0,0.0,5.0,0.0,0.5060041650186861,0.018273519461889716,0.8274836668332051,0.016373746097518373,0.7855877234925552,0.020037194837149195
synthetic_cheap_signal,enumerated_refit,0.02,3,0.0,0.0,0.0,0.0,2.0,0.0,0.6744024285325367,0.011543361846092382,0.5823674400256478,0.033941119504004046,0.5169410256428864,0.029559204984935167
synthetic_cheap_signal,free_only,,3,0.0,0.0,0.0,0.0,2.0,0.0,0.6744024285325367,0.011543361846092382,0.5823674400256478,0.033941119504004046,0.5169410256428864,0.029559204984935167
synthetic_cheap_signal,group_lasso_path_refit,0.0,3,50.0,34.64101615137755,2.3333333333333335,0.5773502691896258,9.0,1.7320508075688772,0.41672129619511233,0.012717222377704016,0.8884847317841835,0.007105955937822586,0.8601991504038309,0.009889178706728584
synthetic_cheap_signal,group_lasso_path_refit,0.00025,3,30.0,0.0,2.0,0.0,8.0,0.0,0.4160698690831133,0.01159637544441084,0.8890663611253066,0.006098679955769205,0.8606906915546366,0.009092074299318808
synthetic_cheap_signal,group_lasso_path_refit,0.0005,3,30.0,0.0,2.0,0.0,8.0,0.0,0.4160698690831133,0.01159637544441084,0.8890663611253066,0.006098679955769205,0.8606906915546366,0.009092074299318808
synthetic_cheap_signal,group_lasso_path_refit,0.001,3,30.0,0.0,2.0,0.0,8.0,0.0,0.4160698690831133,0.01159637544441084,0.8890663611253066,0.006098679955769205,0.8606906915546366,0.009092074299318808
synthetic_cheap_signal,group_lasso_path_refit,0.002,3,30.0,0.0,2.0,0.0,8.0,0.0,0.4160698690831133,0.01159637544441084,0.8890663611253066,0.006098679955769205,0.8606906915546366,0.009092074299318808
synthetic_cheap_signal,group_lasso_path_refit,0.005,3,16.666666666666668,11.547005383792515,1.3333333333333333,0.5773502691896257,6.0,1.7320508075688772,0.48668143585192974,0.0503632492935827,0.8396589346034095,0.0370250490338152,0.8010489203845758,0.04469489849765208
synthetic_cheap_signal,group_lasso_path_refit,0.01,3,10.0,0.0,1.0,0.0,5.0,0.0,0.5060041650186861,0.018273519461889716,0.8274836668332051,0.016373746097518373,0.7855877234925552,0.020037194837149195
synthetic_cheap_signal,group_lasso_path_refit,0.02,3,0.0,0.0,0.0,0.0,2.0,0.0,0.6744024285325367,0.011543361846092382,0.5823674400256478,0.033941119504004046,0.5169410256428864,0.029559204984935167
synthetic_expensive_signal,all_checks,,3,355.0,0.0,6.0,0.0,20.0,0.0,0.45870731543657134,0.014932768368536832,0.863886799518629,0.01026320745187706,0.8455581814663963,0.009153741754961003
synthetic_expensive_signal,enumerated_refit,0.0,3,151.66666666666666,30.550504633038933,2.6666666666666665,0.5773502691896258,10.0,1.7320508075688772,0.4562236955807439,0.013928645173321449,0.8644333889423607,0.01002355916030187,0.8477389276648114,0.00922766828453925
synthetic_expensive_signal,enumerated_refit,0.00025,3,125.0,0.0,2.0,0.0,8.0,0.0,0.45441177608985545,0.013256775736665437,0.8658197000183874,0.009590502353004873,0.8493285161244097,0.009380456287075508
synthetic_expensive_signal,enumerated_refit,0.0005,3,125.0,0.0,2.0,0.0,8.0,0.0,0.45441177608985545,0.013256775736665437,0.8658197000183874,0.009590502353004873,0.8493285161244097,0.009380456287075508
synthetic_expensive_signal,enumerated_refit,0.001,3,125.0,0.0,2.0,0.0,8.0,0.0,0.45441177608985545,0.013256775736665437,0.8658197000183874,0.009590502353004873,0.8493285161244097,0.009380456287075508
synthetic_expensive_signal,enumerated_refit,0.002,3,0.0,0.0,0.0,0.0,2.0,0.0,0.6802160347911083,0.007500991878104365,0.5861363864435408,0.024116912226737126,0.5217548055197687,0.024829747490230314
synthetic_expensive_signal,enumerated_refit,0.005,3,0.0,0.0,0.0,0.0,2.0,0.0,0.6802160347911083,0.007500991878104365,0.5861363864435408,0.024116912226737126,0.5217548055197687,0.024829747490230314
synthetic_expensive_signal,enumerated_refit,0.01,3,0.0,0.0,0.0,0.0,2.0,0.0,0.6802160347911083,0.007500991878104365,0.5861363864435408,0.024116912226737126,0.5217548055197687,0.024829747490230314
synthetic_expensive_signal,enumerated_refit,0.02,3,0.0,0.0,0.0,0.0,2.0,0.0,0.6802160347911083,0.007500991878104365,0.5861363864435408,0.024116912226737126,0.5217548055197687,0.024829747490230314
synthetic_expensive_signal,free_only,,3,0.0,0.0,0.0,0.0,2.0,0.0,0.6802160347911083,0.007500991878104365,0.5861363864435408,0.024116912226737126,0.5217548055197687,0.024829747490230314
synthetic_expensive_signal,group_lasso_path_refit,0.0,3,125.0,0.0,2.0,0.0,8.0,0.0,0.45441177608985545,0.013256775736665437,0.8658197000183874,0.009590502353004873,0.8493285161244097,0.009380456287075508
synthetic_expensive_signal,group_lasso_path_refit,0.00025,3,125.0,0.0,2.0,0.0,8.0,0.0,0.45441177608985545,0.013256775736665437,0.8658197000183874,0.009590502353004873,0.8493285161244097,0.009380456287075508
synthetic_expensive_signal,group_lasso_path_refit,0.0005,3,125.0,0.0,2.0,0.0,8.0,0.0,0.45441177608985545,0.013256775736665437,0.8658197000183874,0.009590502353004873,0.8493285161244097,0.009380456287075508
synthetic_expensive_signal,group_lasso_path_refit,0.001,3,125.0,0.0,2.0,0.0,8.0,0.0,0.45441177608985545,0.013256775736665437,0.8658197000183874,0.009590502353004873,0.8493285161244097,0.009380456287075508
synthetic_expensive_signal,group_lasso_path_refit,0.002,3,0.0,0.0,0.0,0.0,2.0,0.0,0.6802160347911083,0.007500991878104365,0.5861363864435408,0.024116912226737126,0.5217548055197687,0.024829747490230314
synthetic_expensive_signal,group_lasso_path_refit,0.005,3,0.0,0.0,0.0,0.0,2.0,0.0,0.6802160347911083,0.007500991878104365,0.5861363864435408,0.024116912226737126,0.5217548055197687,0.024829747490230314
synthetic_expensive_signal,group_lasso_path_refit,0.01,3,0.0,0.0,0.0,0.0,2.0,0.0,0.6802160347911083,0.007500991878104365,0.5861363864435408,0.024116912226737126,0.5217548055197687,0.024829747490230314
synthetic_expensive_signal,group_lasso_path_refit,0.02,3,0.0,0.0,0.0,0.0,2.0,0.0,0.6802160347911083,0.007500991878104365,0.5861363864435408,0.024116912226737126,0.5217548055197687,0.024829747490230314
synthetic_free_signal,all_checks,,3,355.0,0.0,6.0,0.0,20.0,0.0,0.48405366941870537,0.036148785800065,0.842067231306956,0.024925624521240735,0.8177846542434128,0.03788629857995061
synthetic_free_signal,enumerated_refit,0.0,3,143.33333333333334,133.44786747390657,2.3333333333333335,1.5275252316519468,9.0,4.58257569495584,0.48504800323022157,0.035109529667974385,0.8413319736540602,0.024357266806670257,0.8175848337156747,0.039302609793576006
synthetic_free_signal,enumerated_refit,0.00025,3,0.0,0.0,0.0,0.0,2.0,0.0,0.4834690927872592,0.030766725187569642,0.8421684604442312,0.022113377020445513,0.8180160772439558,0.03710537839636636
synthetic_free_signal,enumerated_refit,0.0005,3,0.0,0.0,0.0,0.0,2.0,0.0,0.4834690927872592,0.030766725187569642,0.8421684604442312,0.022113377020445513,0.8180160772439558,0.03710537839636636
synthetic_free_signal,enumerated_refit,0.001,3,0.0,0.0,0.0,0.0,2.0,0.0,0.4834690927872592,0.030766725187569642,0.8421684604442312,0.022113377020445513,0.8180160772439558,0.03710537839636636
synthetic_free_signal,enumerated_refit,0.002,3,0.0,0.0,0.0,0.0,2.0,0.0,0.4834690927872592,0.030766725187569642,0.8421684604442312,0.022113377020445513,0.8180160772439558,0.03710537839636636
synthetic_free_signal,enumerated_refit,0.005,3,0.0,0.0,0.0,0.0,2.0,0.0,0.4834690927872592,0.030766725187569642,0.8421684604442312,0.022113377020445513,0.8180160772439558,0.03710537839636636
synthetic_free_signal,enumerated_refit,0.01,3,0.0,0.0,0.0,0.0,2.0,0.0,0.4834690927872592,0.030766725187569642,0.8421684604442312,0.022113377020445513,0.8180160772439558,0.03710537839636636
synthetic_free_signal,enumerated_refit,0.02,3,0.0,0.0,0.0,0.0,2.0,0.0,0.4834690927872592,0.030766725187569642,0.8421684604442312,0.022113377020445513,0.8180160772439558,0.03710537839636636
synthetic_free_signal,free_only,,3,0.0,0.0,0.0,0.0,2.0,0.0,0.4834690927872592,0.030766725187569642,0.8421684604442312,0.022113377020445513,0.8180160772439558,0.03710537839636636
synthetic_free_signal,group_lasso_path_refit,0.0,3,95.0,147.56354563373705,1.3333333333333333,1.5275252316519468,6.0,4.58257569495584,0.4845302551861004,0.033846385127520376,0.8419123928416682,0.023199909854151664,0.8186634274766935,0.03786372805171073
synthetic_free_signal,group_lasso_path_refit,0.00025,3,0.0,0.0,0.0,0.0,2.0,0.0,0.4834690927872592,0.030766725187569642,0.8421684604442312,0.022113377020445513,0.8180160772439558,0.03710537839636636
synthetic_free_signal,group_lasso_path_refit,0.0005,3,0.0,0.0,0.0,0.0,2.0,0.0,0.4834690927872592,0.030766725187569642,0.8421684604442312,0.022113377020445513,0.8180160772439558,0.03710537839636636
synthetic_free_signal,group_lasso_path_refit,0.001,3,0.0,0.0,0.0,0.0,2.0,0.0,0.4834690927872592,0.030766725187569642,0.8421684604442312,0.022113377020445513,0.8180160772439558,0.03710537839636636
synthetic_free_signal,group_lasso_path_refit,0.002,3,0.0,0.0,0.0,0.0,2.0,0.0,0.4834690927872592,0.030766725187569642,0.8421684604442312,0.022113377020445513,0.8180160772439558,0.03710537839636636
synthetic_free_signal,group_lasso_path_refit,0.005,3,0.0,0.0,0.0,0.0,2.0,0.0,0.4834690927872592,0.030766725187569642,0.8421684604442312,0.022113377020445513,0.8180160772439558,0.03710537839636636
synthetic_free_signal,group_lasso_path_refit,0.01,3,0.0,0.0,0.0,0.0,2.0,0.0,0.4834690927872592,0.030766725187569642,0.8421684604442312,0.022113377020445513,0.8180160772439558,0.03710537839636636
synthetic_free_signal,group_lasso_path_refit,0.02,3,0.0,0.0,0.0,0.0,2.0,0.0,0.4834690927872592,0.030766725187569642,0.8421684604442312,0.022113377020445513,0.8180160772439558,0.03710537839636636
