task,seed,candidate_id,family,lambda,selected_groups,selected_features,cost,n_groups,n_features,train_objective,stationarity,converged,iterations,warmup_iterations,val_bce,val_auroc,val_ap,gt_groups,gt_cost,information_sufficient,exact_gt,missing_groups,extra_groups,n_missing,n_extra,actual_cost,unnecessary_spend,excess_cost_if_sufficient
linear_control,51966,mlp_all,mlp_all,0,"[0, 1, 2, 3, 4, 5]","[0, 1, 2, 3, 4, 5, 6, 7, 8, 9, 10, 11, 12, 13, 14, 15, 16, 17, 18, 19]",355.0,6,20,0.17826020599591208,0.0020776020504180465,False,1500,0,0.9416109718513129,0.807209459811429,0.7926065688414866,"[0, 1]",30.0,True,False,[],"[2, 3, 4, 5]",0,4,355.0,325.0,325.0
linear_control,51966,mlp_free,mlp_free,0,[],"[0, 1]",0.0,0,2,0.690905552855632,9.993707723689033e-05,True,1106,0,0.6938008796588183,0.4987932142174993,0.5014141111582663,"[0, 1]",30.0,False,False,"[0, 1]",[],2,0,0.0,0.0,
linear_control,51966,mlp_uniform_1,mlp_uniform,0.001,"[0, 1, 2, 3, 4, 5]","[0, 1, 2, 3, 4, 5, 6, 7, 8, 9, 10, 11, 12, 13, 14, 15, 16, 17, 18, 19]",355.0,6,20,0.21327803436721615,0.0007020960025081908,False,1500,1500,0.9307807717876139,0.8020524040214617,0.7867571909919245,"[0, 1]",30.0,True,False,[],"[2, 3, 4, 5]",0,4,355.0,325.0,325.0
linear_control,51966,mlp_uniform_2,mlp_uniform,0.003,"[0, 1, 2, 3, 4, 5]","[0, 1, 2, 3, 4, 5, 6, 7, 8, 9, 10, 11, 12, 13, 14, 15, 16, 17, 18, 19]",355.0,6,20,0.27724425047544976,0.0018864324078402424,False,1500,1500,0.8775149233263176,0.8036846034970744,0.7822334770455903,"[0, 1]",30.0,True,False,[],"[2, 3, 4, 5]",0,4,355.0,325.0,325.0
linear_control,51966,mlp_uniform_3,mlp_uniform,0.01,"[0, 1, 2, 3, 4, 5]","[0, 1, 2, 3, 4, 5, 6, 7, 8, 9, 10, 11, 12, 13, 14, 15, 16, 17, 18, 19]",355.0,6,20,0.4360682479718535,0.003280732021054287,False,1500,1500,0.6604320257146753,0.8109426820162873,0.7873438731030244,"[0, 1]",30.0,True,False,[],"[2, 3, 4, 5]",0,4,355.0,325.0,325.0
linear_control,51966,mlp_uniform_4,mlp_uniform,0.03,"[0, 1, 2, 3, 4, 5]","[0, 1, 2, 3, 4, 5, 6, 7, 8, 9, 10, 11, 12, 13, 14, 15, 16, 17, 18, 19]",355.0,6,20,0.5084329899898969,0.006923740623179923,False,1500,1500,0.445871942096712,0.8721327985275478,0.8592375976574503,"[0, 1]",30.0,True,False,[],"[2, 3, 4, 5]",0,4,355.0,325.0,325.0
linear_control,51966,mlp_uniform_5,mlp_uniform,0.1,"[0, 1]","[0, 1, 2, 3, 4, 5, 6, 7]",30.0,2,8,0.5433216440808082,0.00372891766967388,False,1500,1500,0.45243670793357454,0.8742511850810022,0.8602483589432716,"[0, 1]",30.0,True,True,[],[],0,0,30.0,0.0,0.0
linear_control,51966,mlp_cost_weighted_1,mlp_cost_weighted,0.001,"[0, 1, 2, 3, 4, 5]","[0, 1, 2, 3, 4, 5, 6, 7, 8, 9, 10, 11, 12, 13, 14, 15, 16, 17, 18, 19]",355.0,6,20,0.221178756785111,0.0016640680017836508,False,1500,1500,0.9211184575295278,0.8029379590561025,0.7871441172287794,"[0, 1]",30.0,True,False,[],"[2, 3, 4, 5]",0,4,355.0,325.0,325.0
linear_control,51966,mlp_cost_weighted_2,mlp_cost_weighted,0.003,"[0, 1, 2, 3, 4, 5]","[0, 1, 2, 3, 4, 5, 6, 7, 8, 9, 10, 11, 12, 13, 14, 15, 16, 17, 18, 19]",355.0,6,20,0.2920142906623853,0.000918165387087089,False,1500,1500,0.8306936895375079,0.8107169523015748,0.7936711484901323,"[0, 1]",30.0,True,False,[],"[2, 3, 4, 5]",0,4,355.0,325.0,325.0
linear_control,51966,mlp_cost_weighted_3,mlp_cost_weighted,0.01,"[0, 1, 2, 3, 4, 5]","[0, 1, 2, 3, 4, 5, 6, 7, 8, 9, 10, 11, 12, 13, 14, 15, 16, 17, 18, 19]",355.0,6,20,0.415239477159539,0.006425154274189489,False,1500,1500,0.6449228064875534,0.8084596551544513,0.7950985572746136,"[0, 1]",30.0,True,False,[],"[2, 3, 4, 5]",0,4,355.0,325.0,325.0
linear_control,51966,mlp_cost_weighted_4,mlp_cost_weighted,0.03,"[0, 1, 2, 3]","[0, 1, 2, 3, 4, 5, 6, 7, 8, 9, 10, 11, 12, 13]",125.0,4,14,0.47367558522990233,0.0038644986915901854,False,1500,1500,0.4875571534395498,0.847111527842892,0.8342874067491894,"[0, 1]",30.0,True,False,[],"[2, 3]",0,2,125.0,95.0,95.0
linear_control,51966,mlp_cost_weighted_5,mlp_cost_weighted,0.1,"[0, 1]","[0, 1, 2, 3, 4, 5, 6, 7]",30.0,2,8,0.49527107342861454,0.0022409871686044024,False,1500,1500,0.44868234735774687,0.8717334305707489,0.8557052526923725,"[0, 1]",30.0,True,True,[],[],0,0,30.0,0.0,0.0
linear_control,51966,logistic_all,logistic_all,0,"[0, 1, 2, 3, 4, 5]","[0, 1, 2, 3, 4, 5, 6, 7, 8, 9, 10, 11, 12, 13, 14, 15, 16, 17, 18, 19]",355.0,6,20,,,,,0,0.4469452384383648,0.8705179628761439,0.8563398532797641,"[0, 1]",30.0,True,False,[],"[2, 3, 4, 5]",0,4,355.0,325.0,325.0
linear_control,51966,logistic_free,logistic_free,0,[],"[0, 1]",0.0,0,2,,,,,0,0.6937485414883479,0.4971436509176781,0.502719313013174,"[0, 1]",30.0,False,False,"[0, 1]",[],2,0,0.0,0.0,
linear_control,51966,logistic_cost_weighted_0,logistic_cost_weighted,0.0,"[0, 1, 2, 3, 4, 5]","[0, 1, 2, 3, 4, 5, 6, 7, 8, 9, 10, 11, 12, 13, 14, 15, 16, 17, 18, 19]",355.0,6,20,,,,,0,0.4469452395417208,0.8705179628761439,0.8563398532797641,"[0, 1]",30.0,True,False,[],"[2, 3, 4, 5]",0,4,355.0,325.0,325.0
linear_control,51966,logistic_cost_weighted_1,logistic_cost_weighted,0.001,"[0, 1, 2, 3, 4, 5]","[0, 1, 2, 3, 4, 5, 6, 7, 8, 9, 10, 11, 12, 13, 14, 15, 16, 17, 18, 19]",355.0,6,20,,,,,0,0.44505005293697586,0.8720807070549218,0.8570176018619945,"[0, 1]",30.0,True,False,[],"[2, 3, 4, 5]",0,4,355.0,325.0,325.0
linear_control,51966,logistic_cost_weighted_2,logistic_cost_weighted,0.003,"[0, 1, 2, 3, 4]","[0, 1, 2, 3, 4, 5, 6, 7, 8, 9, 10, 11, 12, 13, 14, 15, 16]",215.0,5,17,,,,,0,0.4427986364531209,0.8741990936083763,0.8578099820039214,"[0, 1]",30.0,True,False,[],"[2, 3, 4]",0,3,215.0,185.0,185.0
linear_control,51966,logistic_cost_weighted_3,logistic_cost_weighted,0.01,"[0, 1, 2]","[0, 1, 2, 3, 4, 5, 6, 7, 8, 9, 10]",65.0,3,11,,,,,0,0.4432292464544367,0.8754492889513986,0.8587210980032037,"[0, 1]",30.0,True,False,[],[2],0,1,65.0,35.0,35.0
linear_control,51966,logistic_cost_weighted_4,logistic_cost_weighted,0.03,"[0, 1]","[0, 1, 2, 3, 4, 5, 6, 7]",30.0,2,8,,,,,0,0.4487924532798109,0.8756923824903197,0.8587152169652277,"[0, 1]",30.0,True,True,[],[],0,0,30.0,0.0,0.0
linear_control,51966,logistic_cost_weighted_5,logistic_cost_weighted,0.1,"[0, 1]","[0, 1, 2, 3, 4, 5, 6, 7]",30.0,2,8,,,,,0,0.4798349494701186,0.870795784063482,0.8510841912510048,"[0, 1]",30.0,True,True,[],[],0,0,30.0,0.0,0.0
nonlinear_interaction,51966,mlp_all,mlp_all,0,"[0, 1, 2, 3, 4, 5]","[0, 1, 2, 3, 4, 5, 6, 7, 8, 9, 10, 11, 12, 13, 14, 15, 16, 17, 18, 19]",355.0,6,20,0.20660449777018242,0.0022266209079268616,False,1500,0,1.1024998429305983,0.7126356925749022,0.7190482758724148,"[0, 1]",30.0,True,False,[],"[2, 3, 4, 5]",0,4,355.0,325.0,325.0
nonlinear_interaction,51966,mlp_free,mlp_free,0,[],"[0, 1]",0.0,0,2,0.6897485761908035,0.0001610287338404071,False,1500,0,0.7015696320281517,0.4812679114198871,0.4953529056296503,"[0, 1]",30.0,False,False,"[0, 1]",[],2,0,0.0,0.0,
nonlinear_interaction,51966,mlp_uniform_1,mlp_uniform,0.001,"[0, 1, 2, 3, 4, 5]","[0, 1, 2, 3, 4, 5, 6, 7, 8, 9, 10, 11, 12, 13, 14, 15, 16, 17, 18, 19]",355.0,6,20,0.24016242537352858,0.0009360796086437873,False,1500,1500,1.0426835066031628,0.7227268779852365,0.733903849456999,"[0, 1]",30.0,True,False,[],"[2, 3, 4, 5]",0,4,355.0,325.0,325.0
nonlinear_interaction,51966,mlp_uniform_2,mlp_uniform,0.003,"[0, 1, 2, 3, 4, 5]","[0, 1, 2, 3, 4, 5, 6, 7, 8, 9, 10, 11, 12, 13, 14, 15, 16, 17, 18, 19]",355.0,6,20,0.30549555699294206,0.0007282543612241896,False,1500,1500,0.9134488550152038,0.7409118541033435,0.7477282508520995,"[0, 1]",30.0,True,False,[],"[2, 3, 4, 5]",0,4,355.0,325.0,325.0
nonlinear_interaction,51966,mlp_uniform_3,mlp_uniform,0.01,"[0, 1, 2, 3, 4, 5]","[0, 1, 2, 3, 4, 5, 6, 7, 8, 9, 10, 11, 12, 13, 14, 15, 16, 17, 18, 19]",355.0,6,20,0.4646353712005281,0.002938129167972583,False,1500,1500,0.6635673607395433,0.7817802865827181,0.79548630453118,"[0, 1]",30.0,True,False,[],"[2, 3, 4, 5]",0,4,355.0,325.0,325.0
nonlinear_interaction,51966,mlp_uniform_4,mlp_uniform,0.03,"[0, 1, 2, 3, 4, 5]","[0, 1, 2, 3, 4, 5, 6, 7, 8, 9, 10, 11, 12, 13, 14, 15, 16, 17, 18, 19]",355.0,6,20,0.6048834661931317,0.006512499822198708,False,1500,1500,0.46572636100149073,0.8508206686930091,0.863242320353335,"[0, 1]",30.0,True,False,[],"[2, 3, 4, 5]",0,4,355.0,325.0,325.0
nonlinear_interaction,51966,mlp_uniform_5,mlp_uniform,0.1,"[0, 1, 3]","[0, 1, 2, 3, 4, 5, 6, 7, 11, 12, 13]",90.0,3,11,0.7717893700241206,0.006315322290258342,False,1500,1500,0.5791354530038755,0.7958488927485887,0.8045616656128352,"[0, 1]",30.0,True,False,[],[3],0,1,90.0,60.0,60.0
nonlinear_interaction,51966,mlp_cost_weighted_1,mlp_cost_weighted,0.001,"[0, 1, 2, 3, 4, 5]","[0, 1, 2, 3, 4, 5, 6, 7, 8, 9, 10, 11, 12, 13, 14, 15, 16, 17, 18, 19]",355.0,6,20,0.24283200375418568,0.001508133505727073,False,1500,1500,1.0330221669487956,0.7255058619192357,0.7369482900989268,"[0, 1]",30.0,True,False,[],"[2, 3, 4, 5]",0,4,355.0,325.0,325.0
nonlinear_interaction,51966,mlp_cost_weighted_2,mlp_cost_weighted,0.003,"[0, 1, 2, 3, 4, 5]","[0, 1, 2, 3, 4, 5, 6, 7, 8, 9, 10, 11, 12, 13, 14, 15, 16, 17, 18, 19]",355.0,6,20,0.3076615183062918,0.001302201634848731,False,1500,1500,0.9168238618767593,0.7409465914025184,0.7548601013428377,"[0, 1]",30.0,True,False,[],"[2, 3, 4, 5]",0,4,355.0,325.0,325.0
nonlinear_interaction,51966,mlp_cost_weighted_3,mlp_cost_weighted,0.01,"[0, 1, 2, 3, 4]","[0, 1, 2, 3, 4, 5, 6, 7, 8, 9, 10, 11, 12, 13, 14, 15, 16]",215.0,5,17,0.4060980379576641,0.00439421240439035,False,1500,1500,0.6984463366218989,0.7850629613547546,0.8000569517359709,"[0, 1]",30.0,True,False,[],"[2, 3, 4]",0,3,215.0,185.0,185.0
nonlinear_interaction,51966,mlp_cost_weighted_4,mlp_cost_weighted,0.03,"[0, 1, 2, 3, 4]","[0, 1, 2, 3, 4, 5, 6, 7, 8, 9, 10, 11, 12, 13, 14, 15, 16]",215.0,5,17,0.5081839885742739,0.003704580831473875,False,1500,1500,0.48681065322816675,0.8378289188015631,0.8486796626041063,"[0, 1]",30.0,True,False,[],"[2, 3, 4]",0,3,215.0,185.0,185.0
nonlinear_interaction,51966,mlp_cost_weighted_5,mlp_cost_weighted,0.1,"[0, 1]","[0, 1, 2, 3, 4, 5, 6, 7]",30.0,2,8,0.5977000773022956,0.0047888612845442,False,1500,1500,0.4694195973350866,0.84811115935736,0.8623874272181244,"[0, 1]",30.0,True,True,[],[],0,0,30.0,0.0,0.0
nonlinear_interaction,51966,logistic_all,logistic_all,0,"[0, 1, 2, 3, 4, 5]","[0, 1, 2, 3, 4, 5, 6, 7, 8, 9, 10, 11, 12, 13, 14, 15, 16, 17, 18, 19]",355.0,6,20,,,,,0,0.7013817930378494,0.4967260095527573,0.536580593002767,"[0, 1]",30.0,True,False,[],"[2, 3, 4, 5]",0,4,355.0,325.0,325.0
nonlinear_interaction,51966,logistic_free,logistic_free,0,[],"[0, 1]",0.0,0,2,,,,,0,0.6962183735034663,0.4604429005644811,0.49009688337747614,"[0, 1]",30.0,False,False,"[0, 1]",[],2,0,0.0,0.0,
nonlinear_interaction,51966,logistic_cost_weighted_0,logistic_cost_weighted,0.0,"[0, 1, 2, 3, 4, 5]","[0, 1, 2, 3, 4, 5, 6, 7, 8, 9, 10, 11, 12, 13, 14, 15, 16, 17, 18, 19]",355.0,6,20,,,,,0,0.7013817930378493,0.4967260095527573,0.536580593002767,"[0, 1]",30.0,True,False,[],"[2, 3, 4, 5]",0,4,355.0,325.0,325.0
nonlinear_interaction,51966,logistic_cost_weighted_1,logistic_cost_weighted,0.001,"[0, 1, 2, 3, 4, 5]","[0, 1, 2, 3, 4, 5, 6, 7, 8, 9, 10, 11, 12, 13, 14, 15, 16, 17, 18, 19]",355.0,6,20,,,,,0,0.7002733947369676,0.49632653061224485,0.5352040849051503,"[0, 1]",30.0,True,False,[],"[2, 3, 4, 5]",0,4,355.0,325.0,325.0
nonlinear_interaction,51966,logistic_cost_weighted_2,logistic_cost_weighted,0.003,"[0, 1, 2, 3, 4, 5]","[0, 1, 2, 3, 4, 5, 6, 7, 8, 9, 10, 11, 12, 13, 14, 15, 16, 17, 18, 19]",355.0,6,20,,,,,0,0.6987300539174505,0.4937733391228831,0.5304638753358918,"[0, 1]",30.0,True,False,[],"[2, 3, 4, 5]",0,4,355.0,325.0,325.0
nonlinear_interaction,51966,logistic_cost_weighted_3,logistic_cost_weighted,0.01,"[0, 1, 2, 3]","[0, 1, 2, 3, 4, 5, 6, 7, 8, 9, 10, 11, 12, 13]",125.0,4,14,,,,,0,0.6974711302327314,0.4854537559704733,0.5088151355549337,"[0, 1]",30.0,True,False,[],"[2, 3]",0,2,125.0,95.0,95.0
nonlinear_interaction,51966,logistic_cost_weighted_4,logistic_cost_weighted,0.03,[0],"[0, 1, 2, 3, 4]",10.0,1,5,,,,,0,0.6974806329449663,0.454398610508033,0.49317686590881493,"[0, 1]",30.0,False,False,[1],[],1,0,10.0,0.0,
nonlinear_interaction,51966,logistic_cost_weighted_5,logistic_cost_weighted,0.1,[],"[0, 1]",0.0,0,2,,,,,0,0.6962183830547997,0.4604429005644811,0.49009688337747614,"[0, 1]",30.0,False,False,"[0, 1]",[],2,0,0.0,0.0,
linear_control,51967,mlp_all,mlp_all,0,"[0, 1, 2, 3, 4, 5]","[0, 1, 2, 3, 4, 5, 6, 7, 8, 9, 10, 11, 12, 13, 14, 15, 16, 17, 18, 19]",355.0,6,20,0.17211746710068349,0.0005564690181474307,False,1500,0,1.0873214183603253,0.7782137648447809,0.7681729245266176,"[0, 1]",30.0,True,False,[],"[2, 3, 4, 5]",0,4,355.0,325.0,325.0
linear_control,51967,mlp_free,mlp_free,0,[],"[0, 1]",0.0,0,2,0.6877766115883853,9.956030812813823e-05,True,1278,0,0.6966944273940688,0.515573998194319,0.519825561953148,"[0, 1]",30.0,False,False,"[0, 1]",[],2,0,0.0,0.0,
linear_control,51967,mlp_uniform_1,mlp_uniform,0.001,"[0, 1, 2, 3, 4, 5]","[0, 1, 2, 3, 4, 5, 6, 7, 8, 9, 10, 11, 12, 13, 14, 15, 16, 17, 18, 19]",355.0,6,20,0.2087464270595147,0.0007792230537476839,False,1500,1500,1.0043843253990659,0.779741648725606,0.764843950854775,"[0, 1]",30.0,True,False,[],"[2, 3, 4, 5]",0,4,355.0,325.0,325.0
linear_control,51967,mlp_uniform_2,mlp_uniform,0.003,"[0, 1, 2, 3, 4, 5]","[0, 1, 2, 3, 4, 5, 6, 7, 8, 9, 10, 11, 12, 13, 14, 15, 16, 17, 18, 19]",355.0,6,20,0.27022291263816917,0.001211728159845115,False,1500,1500,0.8987677573984468,0.7906278213764846,0.7703000795759694,"[0, 1]",30.0,True,False,[],"[2, 3, 4, 5]",0,4,355.0,325.0,325.0
linear_control,51967,mlp_uniform_3,mlp_uniform,0.01,"[0, 1, 2, 3, 4, 5]","[0, 1, 2, 3, 4, 5, 6, 7, 8, 9, 10, 11, 12, 13, 14, 15, 16, 17, 18, 19]",355.0,6,20,0.4204631202773741,0.004372944302609662,False,1500,1500,0.6394090960622144,0.8195187165775402,0.8059338073051894,"[0, 1]",30.0,True,False,[],"[2, 3, 4, 5]",0,4,355.0,325.0,325.0
linear_control,51967,mlp_uniform_4,mlp_uniform,0.03,"[0, 1, 2, 3, 4, 5]","[0, 1, 2, 3, 4, 5, 6, 7, 8, 9, 10, 11, 12, 13, 14, 15, 16, 17, 18, 19]",355.0,6,20,0.4955548942439421,0.006387460257170601,False,1500,1500,0.46134805642741944,0.8650600736162234,0.862414491988561,"[0, 1]",30.0,True,False,[],"[2, 3, 4, 5]",0,4,355.0,325.0,325.0
linear_control,51967,mlp_uniform_5,mlp_uniform,0.1,"[0, 1, 3]","[0, 1, 2, 3, 4, 5, 6, 7, 11, 12, 13]",90.0,3,11,0.535577547062082,0.0040004915731493285,False,1500,1500,0.4615608705737991,0.8663101604278075,0.8666435949988263,"[0, 1]",30.0,True,False,[],[3],0,1,90.0,60.0,60.0
linear_control,51967,mlp_cost_weighted_1,mlp_cost_weighted,0.001,"[0, 1, 2, 3, 4, 5]","[0, 1, 2, 3, 4, 5, 6, 7, 8, 9, 10, 11, 12, 13, 14, 15, 16, 17, 18, 19]",355.0,6,20,0.21459455701587293,0.0008275215162505532,False,1500,1500,0.999584316320455,0.7723626640738939,0.7575272160849962,"[0, 1]",30.0,True,False,[],"[2, 3, 4, 5]",0,4,355.0,325.0,325.0
linear_control,51967,mlp_cost_weighted_2,mlp_cost_weighted,0.003,"[0, 1, 2, 3, 4, 5]","[0, 1, 2, 3, 4, 5, 6, 7, 8, 9, 10, 11, 12, 13, 14, 15, 16, 17, 18, 19]",355.0,6,20,0.2811072624112117,0.0018491872736928292,False,1500,1500,0.9367063580546198,0.7786478227654697,0.7519552500245006,"[0, 1]",30.0,True,False,[],"[2, 3, 4, 5]",0,4,355.0,325.0,325.0
linear_control,51967,mlp_cost_weighted_3,mlp_cost_weighted,0.01,"[0, 1, 2, 3, 4, 5]","[0, 1, 2, 3, 4, 5, 6, 7, 8, 9, 10, 11, 12, 13, 14, 15, 16, 17, 18, 19]",355.0,6,20,0.39977383130268673,0.00470141808301886,False,1500,1500,0.7061523010411989,0.8104729495103826,0.7924663251020974,"[0, 1]",30.0,True,False,[],"[2, 3, 4, 5]",0,4,355.0,325.0,325.0
linear_control,51967,mlp_cost_weighted_4,mlp_cost_weighted,0.03,"[0, 1, 2, 3, 4]","[0, 1, 2, 3, 4, 5, 6, 7, 8, 9, 10, 11, 12, 13, 14, 15, 16]",215.0,5,17,0.4715463813930846,0.005131750863624195,False,1500,1500,0.4830896955200544,0.8550767414403777,0.8513185554045148,"[0, 1]",30.0,True,False,[],"[2, 3, 4]",0,3,215.0,185.0,185.0
linear_control,51967,mlp_cost_weighted_5,mlp_cost_weighted,0.1,"[0, 1]","[0, 1, 2, 3, 4, 5, 6, 7]",30.0,2,8,0.48648876577141803,0.0014819161590610707,False,1500,1500,0.45824586232623216,0.8663969720119453,0.8659028991507,"[0, 1]",30.0,True,True,[],[],0,0,30.0,0.0,0.0
linear_control,51967,logistic_all,logistic_all,0,"[0, 1, 2, 3, 4, 5]","[0, 1, 2, 3, 4, 5, 6, 7, 8, 9, 10, 11, 12, 13, 14, 15, 16, 17, 18, 19]",355.0,6,20,,,,,0,0.4559433195565396,0.8669699284672547,0.8634092789679302,"[0, 1]",30.0,True,False,[],"[2, 3, 4, 5]",0,4,355.0,325.0,325.0
linear_control,51967,logistic_free,logistic_free,0,[],"[0, 1]",0.0,0,2,,,,,0,0.6933585710546761,0.5085075352455031,0.526043611439734,"[0, 1]",30.0,False,False,"[0, 1]",[],2,0,0.0,0.0,
linear_control,51967,logistic_cost_weighted_0,logistic_cost_weighted,0.0,"[0, 1, 2, 3, 4, 5]","[0, 1, 2, 3, 4, 5, 6, 7, 8, 9, 10, 11, 12, 13, 14, 15, 16, 17, 18, 19]",355.0,6,20,,,,,0,0.4559433175162163,0.8669699284672547,0.8634092789679302,"[0, 1]",30.0,True,False,[],"[2, 3, 4, 5]",0,4,355.0,325.0,325.0
linear_control,51967,logistic_cost_weighted_1,logistic_cost_weighted,0.001,"[0, 1, 2, 3, 4, 5]","[0, 1, 2, 3, 4, 5, 6, 7, 8, 9, 10, 11, 12, 13, 14, 15, 16, 17, 18, 19]",355.0,6,20,,,,,0,0.4548236370536776,0.8672998124869783,0.8643649887349186,"[0, 1]",30.0,True,False,[],"[2, 3, 4, 5]",0,4,355.0,325.0,325.0
linear_control,51967,logistic_cost_weighted_2,logistic_cost_weighted,0.003,"[0, 1, 2, 3, 4, 5]","[0, 1, 2, 3, 4, 5, 6, 7, 8, 9, 10, 11, 12, 13, 14, 15, 16, 17, 18, 19]",355.0,6,20,,,,,0,0.45373352827935015,0.8681505660115287,0.8663531812344474,"[0, 1]",30.0,True,False,[],"[2, 3, 4, 5]",0,4,355.0,325.0,325.0
linear_control,51967,logistic_cost_weighted_3,logistic_cost_weighted,0.01,"[0, 1, 2, 3]","[0, 1, 2, 3, 4, 5, 6, 7, 8, 9, 10, 11, 12, 13]",125.0,4,14,,,,,0,0.452568991961941,0.8690013195360791,0.8684931413200812,"[0, 1]",30.0,True,False,[],"[2, 3]",0,2,125.0,95.0,95.0
linear_control,51967,logistic_cost_weighted_4,logistic_cost_weighted,0.03,"[0, 1]","[0, 1, 2, 3, 4, 5, 6, 7]",30.0,2,8,,,,,0,0.4564569166396769,0.8684457253975971,0.8680071444872962,"[0, 1]",30.0,True,True,[],[],0,0,30.0,0.0,0.0
linear_control,51967,logistic_cost_weighted_5,logistic_cost_weighted,0.1,"[0, 1]","[0, 1, 2, 3, 4, 5, 6, 7]",30.0,2,8,,,,,0,0.4811168901829409,0.8657198416556706,0.8663108065021355,"[0, 1]",30.0,True,True,[],[],0,0,30.0,0.0,0.0
nonlinear_interaction,51967,mlp_all,mlp_all,0,"[0, 1, 2, 3, 4, 5]","[0, 1, 2, 3, 4, 5, 6, 7, 8, 9, 10, 11, 12, 13, 14, 15, 16, 17, 18, 19]",355.0,6,20,0.19330565464637608,0.0017472721500008145,False,1500,0,1.012761917566973,0.7424087223736523,0.7365212485418784,"[0, 1]",30.0,True,False,[],"[2, 3, 4, 5]",0,4,355.0,325.0,325.0
nonlinear_interaction,51967,mlp_free,mlp_free,0,[],"[0, 1]",0.0,0,2,0.692235552069163,0.00021914793687047255,False,1500,0,0.6915629585153644,0.5273702668449105,0.5292465187292775,"[0, 1]",30.0,False,False,"[0, 1]",[],2,0,0.0,0.0,
nonlinear_interaction,51967,mlp_uniform_1,mlp_uniform,0.001,"[0, 1, 2, 3, 4, 5]","[0, 1, 2, 3, 4, 5, 6, 7, 8, 9, 10, 11, 12, 13, 14, 15, 16, 17, 18, 19]",355.0,6,20,0.22943043505863492,0.0003111775104557597,False,1500,1500,0.977645775317622,0.7420614941231618,0.7365440636896639,"[0, 1]",30.0,True,False,[],"[2, 3, 4, 5]",0,4,355.0,325.0,325.0
nonlinear_interaction,51967,mlp_uniform_2,mlp_uniform,0.003,"[0, 1, 2, 3, 4, 5]","[0, 1, 2, 3, 4, 5, 6, 7, 8, 9, 10, 11, 12, 13, 14, 15, 16, 17, 18, 19]",355.0,6,20,0.29640236277529036,0.0010914833533356683,False,1500,1500,0.8271463168229871,0.7669751210958523,0.7637805428162137,"[0, 1]",30.0,True,False,[],"[2, 3, 4, 5]",0,4,355.0,325.0,325.0
nonlinear_interaction,51967,mlp_uniform_3,mlp_uniform,0.01,"[0, 1, 2, 3, 4, 5]","[0, 1, 2, 3, 4, 5, 6, 7, 8, 9, 10, 11, 12, 13, 14, 15, 16, 17, 18, 19]",355.0,6,20,0.4489612158474612,0.002484566921792853,False,1500,1500,0.5766713516340914,0.8102223996944391,0.8146175598047041,"[0, 1]",30.0,True,False,[],"[2, 3, 4, 5]",0,4,355.0,325.0,325.0
nonlinear_interaction,51967,mlp_uniform_4,mlp_uniform,0.03,"[0, 1, 2, 3, 4, 5]","[0, 1, 2, 3, 4, 5, 6, 7, 8, 9, 10, 11, 12, 13, 14, 15, 16, 17, 18, 19]",355.0,6,20,0.5803861745162758,0.0067370148054226656,False,1500,1500,0.44294548950726537,0.8737651695341933,0.8861785889449891,"[0, 1]",30.0,True,False,[],"[2, 3, 4, 5]",0,4,355.0,325.0,325.0
nonlinear_interaction,51967,mlp_uniform_5,mlp_uniform,0.1,"[0, 1, 2]","[0, 1, 2, 3, 4, 5, 6, 7, 8, 9, 10]",65.0,3,11,0.764665991002696,0.006291133448783298,False,1500,1500,0.5256594993195197,0.862567058455876,0.8762699369535889,"[0, 1]",30.0,True,False,[],[2],0,1,65.0,35.0,35.0
nonlinear_interaction,51967,mlp_cost_weighted_1,mlp_cost_weighted,0.001,"[0, 1, 2, 3, 4, 5]","[0, 1, 2, 3, 4, 5, 6, 7, 8, 9, 10, 11, 12, 13, 14, 15, 16, 17, 18, 19]",355.0,6,20,0.23335180005161466,0.0010501260243974693,False,1500,1500,0.9640070840072925,0.7456205836906891,0.7436340632004682,"[0, 1]",30.0,True,False,[],"[2, 3, 4, 5]",0,4,355.0,325.0,325.0
nonlinear_interaction,51967,mlp_cost_weighted_2,mlp_cost_weighted,0.003,"[0, 1, 2, 3, 4, 5]","[0, 1, 2, 3, 4, 5, 6, 7, 8, 9, 10, 11, 12, 13, 14, 15, 16, 17, 18, 19]",355.0,6,20,0.2917890550128931,0.0010281356503094473,False,1500,1500,0.8653663080191656,0.7606208441118769,0.7534004350855633,"[0, 1]",30.0,True,False,[],"[2, 3, 4, 5]",0,4,355.0,325.0,325.0
nonlinear_interaction,51967,mlp_cost_weighted_3,mlp_cost_weighted,0.01,"[0, 1, 2, 3, 4, 5]","[0, 1, 2, 3, 4, 5, 6, 7, 8, 9, 10, 11, 12, 13, 14, 15, 16, 17, 18, 19]",355.0,6,20,0.3909153854508486,0.0038758416576887282,False,1500,1500,0.5946576047281708,0.8211600895848887,0.8162535587007362,"[0, 1]",30.0,True,False,[],"[2, 3, 4, 5]",0,4,355.0,325.0,325.0
nonlinear_interaction,51967,mlp_cost_weighted_4,mlp_cost_weighted,0.03,"[0, 1, 2, 3]","[0, 1, 2, 3, 4, 5, 6, 7, 8, 9, 10, 11, 12, 13]",125.0,4,14,0.46681508622296297,0.002647564700176694,False,1500,1500,0.4470833678503248,0.8691296723901457,0.8746527981577887,"[0, 1]",30.0,True,False,[],"[2, 3]",0,2,125.0,95.0,95.0
nonlinear_interaction,51967,mlp_cost_weighted_5,mlp_cost_weighted,0.1,"[0, 1, 2]","[0, 1, 2, 3, 4, 5, 6, 7, 8, 9, 10]",65.0,3,11,0.575346757094794,0.004948922191690459,False,1500,1500,0.44578391464448663,0.8753624194864496,0.8877361861316191,"[0, 1]",30.0,True,False,[],[2],0,1,65.0,35.0,35.0
nonlinear_interaction,51967,logistic_all,logistic_all,0,"[0, 1, 2, 3, 4, 5]","[0, 1, 2, 3, 4, 5, 6, 7, 8, 9, 10, 11, 12, 13, 14, 15, 16, 17, 18, 19]",355.0,6,20,,,,,0,0.698161934900383,0.5001302105939339,0.4991915866800929,"[0, 1]",30.0,True,False,[],"[2, 3, 4, 5]",0,4,355.0,325.0,325.0
nonlinear_interaction,51967,logistic_free,logistic_free,0,[],"[0, 1]",0.0,0,2,,,,,0,0.6918414403280778,0.5275265195576312,0.5297754361494794,"[0, 1]",30.0,False,False,"[0, 1]",[],2,0,0.0,0.0,
nonlinear_interaction,51967,logistic_cost_weighted_0,logistic_cost_weighted,0.0,"[0, 1, 2, 3, 4, 5]","[0, 1, 2, 3, 4, 5, 6, 7, 8, 9, 10, 11, 12, 13, 14, 15, 16, 17, 18, 19]",355.0,6,20,,,,,0,0.6981619349003829,0.5001302105939339,0.4991915866800929,"[0, 1]",30.0,True,False,[],"[2, 3, 4, 5]",0,4,355.0,325.0,325.0
nonlinear_interaction,51967,logistic_cost_weighted_1,logistic_cost_weighted,0.001,"[0, 1, 2, 3, 4]","[0, 1, 2, 3, 4, 5, 6, 7, 8, 9, 10, 11, 12, 13, 14, 15, 16]",215.0,5,17,,,,,0,0.697007345084187,0.50245663987222,0.5018814946417074,"[0, 1]",30.0,True,False,[],"[2, 3, 4]",0,3,215.0,185.0,185.0
nonlinear_interaction,51967,logistic_cost_weighted_2,logistic_cost_weighted,0.003,"[0, 1, 2, 3, 4]","[0, 1, 2, 3, 4, 5, 6, 7, 8, 9, 10, 11, 12, 13, 14, 15, 16]",215.0,5,17,,,,,0,0.69576497295029,0.5037587458115592,0.5035899239725721,"[0, 1]",30.0,True,False,[],"[2, 3, 4]",0,3,215.0,185.0,185.0
nonlinear_interaction,51967,logistic_cost_weighted_3,logistic_cost_weighted,0.01,"[0, 2, 3]","[0, 1, 2, 3, 4, 8, 9, 10, 11, 12, 13]",105.0,3,11,,,,,0,0.693600857167885,0.5218666990746368,0.5077441020101632,"[0, 1]",30.0,False,False,[1],"[2, 3]",1,2,105.0,95.0,
nonlinear_interaction,51967,logistic_cost_weighted_4,logistic_cost_weighted,0.03,[0],"[0, 1, 2, 3, 4]",10.0,1,5,,,,,0,0.6919525849740982,0.5252348131043942,0.5228076489075744,"[0, 1]",30.0,False,False,[1],[],1,0,10.0,0.0,
nonlinear_interaction,51967,logistic_cost_weighted_5,logistic_cost_weighted,0.1,[],"[0, 1]",0.0,0,2,,,,,0,0.691841441123989,0.5275265195576312,0.5297754361494794,"[0, 1]",30.0,False,False,"[0, 1]",[],2,0,0.0,0.0,
linear_control,51968,mlp_all,mlp_all,0,"[0, 1, 2, 3, 4, 5]","[0, 1, 2, 3, 4, 5, 6, 7, 8, 9, 10, 11, 12, 13, 14, 15, 16, 17, 18, 19]",355.0,6,20,0.16923605624272245,0.0014716034749998853,False,1500,0,0.9954167323188238,0.7843443819053575,0.8021932292997467,"[0, 1]",30.0,True,False,[],"[2, 3, 4, 5]",0,4,355.0,325.0,325.0
linear_control,51968,mlp_free,mlp_free,0,[],"[0, 1]",0.0,0,2,0.6920149738544399,9.959465414516364e-05,True,1094,0,0.6940238867156141,0.5044645959280106,0.5180948636039087,"[0, 1]",30.0,False,False,"[0, 1]",[],2,0,0.0,0.0,
linear_control,51968,mlp_uniform_1,mlp_uniform,0.001,"[0, 1, 2, 3, 4, 5]","[0, 1, 2, 3, 4, 5, 6, 7, 8, 9, 10, 11, 12, 13, 14, 15, 16, 17, 18, 19]",355.0,6,20,0.203716898381753,0.002037553289636497,False,1500,1500,1.0239098028582032,0.7732784379125843,0.7878583441629923,"[0, 1]",30.0,True,False,[],"[2, 3, 4, 5]",0,4,355.0,325.0,325.0
linear_control,51968,mlp_uniform_2,mlp_uniform,0.003,"[0, 1, 2, 3, 4, 5]","[0, 1, 2, 3, 4, 5, 6, 7, 8, 9, 10, 11, 12, 13, 14, 15, 16, 17, 18, 19]",355.0,6,20,0.2649246323603866,0.0005656051839975956,False,1500,1500,0.9799830757840091,0.7704294350635814,0.7868727195462628,"[0, 1]",30.0,True,False,[],"[2, 3, 4, 5]",0,4,355.0,325.0,325.0
linear_control,51968,mlp_uniform_3,mlp_uniform,0.01,"[0, 1, 2, 3, 4, 5]","[0, 1, 2, 3, 4, 5, 6, 7, 8, 9, 10, 11, 12, 13, 14, 15, 16, 17, 18, 19]",355.0,6,20,0.4226065653217618,0.0026820789087880605,False,1500,1500,0.6733867895606215,0.8064936418594956,0.8148275290739289,"[0, 1]",30.0,True,False,[],"[2, 3, 4, 5]",0,4,355.0,325.0,325.0
linear_control,51968,mlp_uniform_4,mlp_uniform,0.03,"[0, 1, 2, 3, 4, 5]","[0, 1, 2, 3, 4, 5, 6, 7, 8, 9, 10, 11, 12, 13, 14, 15, 16, 17, 18, 19]",355.0,6,20,0.5009012008479116,0.006765800387063158,False,1500,1500,0.42123213311629176,0.8925022583559169,0.8889860371853956,"[0, 1]",30.0,True,False,[],"[2, 3, 4, 5]",0,4,355.0,325.0,325.0
linear_control,51968,mlp_uniform_5,mlp_uniform,0.1,"[0, 1]","[0, 1, 2, 3, 4, 5, 6, 7]",30.0,2,8,0.5371407010591809,0.00498499818135967,False,1500,1500,0.42975942853367766,0.8944826627753457,0.8906514816478833,"[0, 1]",30.0,True,True,[],[],0,0,30.0,0.0,0.0
linear_control,51968,mlp_cost_weighted_1,mlp_cost_weighted,0.001,"[0, 1, 2, 3, 4, 5]","[0, 1, 2, 3, 4, 5, 6, 7, 8, 9, 10, 11, 12, 13, 14, 15, 16, 17, 18, 19]",355.0,6,20,0.21274751899388067,0.0019288235688895178,False,1500,1500,1.0198067894390062,0.7680147314293656,0.7806501183874808,"[0, 1]",30.0,True,False,[],"[2, 3, 4, 5]",0,4,355.0,325.0,325.0
linear_control,51968,mlp_cost_weighted_2,mlp_cost_weighted,0.003,"[0, 1, 2, 3, 4, 5]","[0, 1, 2, 3, 4, 5, 6, 7, 8, 9, 10, 11, 12, 13, 14, 15, 16, 17, 18, 19]",355.0,6,20,0.28252908818604744,0.001686903315777162,False,1500,1500,0.8955636366692443,0.7769786672225697,0.7837634784286057,"[0, 1]",30.0,True,False,[],"[2, 3, 4, 5]",0,4,355.0,325.0,325.0
linear_control,51968,mlp_cost_weighted_3,mlp_cost_weighted,0.01,"[0, 1, 2, 3, 4, 5]","[0, 1, 2, 3, 4, 5, 6, 7, 8, 9, 10, 11, 12, 13, 14, 15, 16, 17, 18, 19]",355.0,6,20,0.39657637762369313,0.0035327158723927163,False,1500,1500,0.6024700433511874,0.8278611632270167,0.8336038000323929,"[0, 1]",30.0,True,False,[],"[2, 3, 4, 5]",0,4,355.0,325.0,325.0
linear_control,51968,mlp_cost_weighted_4,mlp_cost_weighted,0.03,"[0, 1, 2, 3]","[0, 1, 2, 3, 4, 5, 6, 7, 8, 9, 10, 11, 12, 13]",125.0,4,14,0.4701264589477298,0.004929274951167517,False,1500,1500,0.4452506975993543,0.8759467722882358,0.8724162348371372,"[0, 1]",30.0,True,False,[],"[2, 3]",0,2,125.0,95.0,95.0
linear_control,51968,mlp_cost_weighted_5,mlp_cost_weighted,0.1,"[0, 1]","[0, 1, 2, 3, 4, 5, 6, 7]",30.0,2,8,0.48903951426648523,0.0024717067359373754,False,1500,1500,0.4217329885154913,0.8933882287540824,0.8896119121289064,"[0, 1]",30.0,True,True,[],[],0,0,30.0,0.0,0.0
linear_control,51968,logistic_all,logistic_all,0,"[0, 1, 2, 3, 4, 5]","[0, 1, 2, 3, 4, 5, 6, 7, 8, 9, 10, 11, 12, 13, 14, 15, 16, 17, 18, 19]",355.0,6,20,,,,,0,0.4204045765141947,0.8923632826071851,0.8881694869756626,"[0, 1]",30.0,True,False,[],"[2, 3, 4, 5]",0,4,355.0,325.0,325.0
linear_control,51968,logistic_free,logistic_free,0,[],"[0, 1]",0.0,0,2,,,,,0,0.6937663200908901,0.4888993120700438,0.5184353312367312,"[0, 1]",30.0,False,False,"[0, 1]",[],2,0,0.0,0.0,
linear_control,51968,logistic_cost_weighted_0,logistic_cost_weighted,0.0,"[0, 1, 2, 3, 4, 5]","[0, 1, 2, 3, 4, 5, 6, 7, 8, 9, 10, 11, 12, 13, 14, 15, 16, 17, 18, 19]",355.0,6,20,,,,,0,0.42040458298235783,0.8923632826071851,0.8881694869756626,"[0, 1]",30.0,True,False,[],"[2, 3, 4, 5]",0,4,355.0,325.0,325.0
linear_control,51968,logistic_cost_weighted_1,logistic_cost_weighted,0.001,"[0, 1, 2, 3, 4, 5]","[0, 1, 2, 3, 4, 5, 6, 7, 8, 9, 10, 11, 12, 13, 14, 15, 16, 17, 18, 19]",355.0,6,20,,,,,0,0.4198588497963167,0.892867069696338,0.8885997879756425,"[0, 1]",30.0,True,False,[],"[2, 3, 4, 5]",0,4,355.0,325.0,325.0
linear_control,51968,logistic_cost_weighted_2,logistic_cost_weighted,0.003,"[0, 1, 2, 3, 4, 5]","[0, 1, 2, 3, 4, 5, 6, 7, 8, 9, 10, 11, 12, 13, 14, 15, 16, 17, 18, 19]",355.0,6,20,,,,,0,0.419534660898409,0.8936140643457716,0.8889089964545919,"[0, 1]",30.0,True,False,[],"[2, 3, 4, 5]",0,4,355.0,325.0,325.0
linear_control,51968,logistic_cost_weighted_3,logistic_cost_weighted,0.01,"[0, 1, 2]","[0, 1, 2, 3, 4, 5, 6, 7, 8, 9, 10]",65.0,3,11,,,,,0,0.4195710835437571,0.8947779862414009,0.8896808449165181,"[0, 1]",30.0,True,False,[],[2],0,1,65.0,35.0,35.0
linear_control,51968,logistic_cost_weighted_4,logistic_cost_weighted,0.03,"[0, 1]","[0, 1, 2, 3, 4, 5, 6, 7]",30.0,2,8,,,,,0,0.42550487043716406,0.8953860051421028,0.8910397415417499,"[0, 1]",30.0,True,True,[],[],0,0,30.0,0.0,0.0
linear_control,51968,logistic_cost_weighted_5,logistic_cost_weighted,0.1,"[0, 1]","[0, 1, 2, 3, 4, 5, 6, 7]",30.0,2,8,,,,,0,0.45860432788956224,0.892363282607185,0.8905636662097474,"[0, 1]",30.0,True,True,[],[],0,0,30.0,0.0,0.0
nonlinear_interaction,51968,mlp_all,mlp_all,0,"[0, 1, 2, 3, 4, 5]","[0, 1, 2, 3, 4, 5, 6, 7, 8, 9, 10, 11, 12, 13, 14, 15, 16, 17, 18, 19]",355.0,6,20,0.21630657339988793,0.0014874269296996918,False,1500,0,1.0538599477630635,0.722654350996597,0.7288638267272521,"[0, 1]",30.0,True,False,[],"[2, 3, 4, 5]",0,4,355.0,325.0,325.0
nonlinear_interaction,51968,mlp_free,mlp_free,0,[],"[0, 1]",0.0,0,2,0.6895458643583353,0.00025920404656737986,False,1500,0,0.7069645584252071,0.4394749635391347,0.4665433414865983,"[0, 1]",30.0,False,False,"[0, 1]",[],2,0,0.0,0.0,
nonlinear_interaction,51968,mlp_uniform_1,mlp_uniform,0.001,"[0, 1, 2, 3, 4, 5]","[0, 1, 2, 3, 4, 5, 6, 7, 8, 9, 10, 11, 12, 13, 14, 15, 16, 17, 18, 19]",355.0,6,20,0.249225665974952,0.0020103327264259716,False,1500,1500,0.9537756656367636,0.7344086394888534,0.7451100276682049,"[0, 1]",30.0,True,False,[],"[2, 3, 4, 5]",0,4,355.0,325.0,325.0
nonlinear_interaction,51968,mlp_uniform_2,mlp_uniform,0.003,"[0, 1, 2, 3, 4, 5]","[0, 1, 2, 3, 4, 5, 6, 7, 8, 9, 10, 11, 12, 13, 14, 15, 16, 17, 18, 19]",355.0,6,20,0.305279988442014,0.0019266878762088148,False,1500,1500,0.7835582821575419,0.7711473018959649,0.7942475634976455,"[0, 1]",30.0,True,False,[],"[2, 3, 4, 5]",0,4,355.0,325.0,325.0
nonlinear_interaction,51968,mlp_uniform_3,mlp_uniform,0.01,"[0, 1, 2, 3, 4, 5]","[0, 1, 2, 3, 4, 5, 6, 7, 8, 9, 10, 11, 12, 13, 14, 15, 16, 17, 18, 19]",355.0,6,20,0.44854191800006327,0.004586800452212233,False,1500,1500,0.5820993920711395,0.8114105146190708,0.8284761104628553,"[0, 1]",30.0,True,False,[],"[2, 3, 4, 5]",0,4,355.0,325.0,325.0
nonlinear_interaction,51968,mlp_uniform_4,mlp_uniform,0.03,"[0, 1, 2, 3, 4, 5]","[0, 1, 2, 3, 4, 5, 6, 7, 8, 9, 10, 11, 12, 13, 14, 15, 16, 17, 18, 19]",355.0,6,20,0.5854099739063924,0.0061020842887653335,False,1500,1500,0.4652700368301035,0.8517952635599694,0.8662961399126295,"[0, 1]",30.0,True,False,[],"[2, 3, 4, 5]",0,4,355.0,325.0,325.0
nonlinear_interaction,51968,mlp_uniform_5,mlp_uniform,0.1,"[0, 1]","[0, 1, 2, 3, 4, 5, 6, 7]",30.0,2,8,0.7635515713692911,0.00545753022411332,False,1500,1500,0.5462056969121047,0.8360476421973748,0.8487623620790137,"[0, 1]",30.0,True,True,[],[],0,0,30.0,0.0,0.0
nonlinear_interaction,51968,mlp_cost_weighted_1,mlp_cost_weighted,0.001,"[0, 1, 2, 3, 4, 5]","[0, 1, 2, 3, 4, 5, 6, 7, 8, 9, 10, 11, 12, 13, 14, 15, 16, 17, 18, 19]",355.0,6,20,0.25570492029841585,0.0015446755888973607,False,1500,1500,0.992994249062506,0.7281408431141052,0.7413857759481255,"[0, 1]",30.0,True,False,[],"[2, 3, 4, 5]",0,4,355.0,325.0,325.0
nonlinear_interaction,51968,mlp_cost_weighted_2,mlp_cost_weighted,0.003,"[0, 1, 2, 3, 4, 5]","[0, 1, 2, 3, 4, 5, 6, 7, 8, 9, 10, 11, 12, 13, 14, 15, 16, 17, 18, 19]",355.0,6,20,0.31108716274529635,0.003849433944596582,False,1500,1500,0.8427478798700868,0.7586637960969513,0.7740108826781451,"[0, 1]",30.0,True,False,[],"[2, 3, 4, 5]",0,4,355.0,325.0,325.0
nonlinear_interaction,51968,mlp_cost_weighted_3,mlp_cost_weighted,0.01,"[0, 1, 2, 3, 4, 5]","[0, 1, 2, 3, 4, 5, 6, 7, 8, 9, 10, 11, 12, 13, 14, 15, 16, 17, 18, 19]",355.0,6,20,0.4014878425998864,0.005764571182845382,False,1500,1500,0.6466975183221336,0.800732689770123,0.8068365889412861,"[0, 1]",30.0,True,False,[],"[2, 3, 4, 5]",0,4,355.0,325.0,325.0
nonlinear_interaction,51968,mlp_cost_weighted_4,mlp_cost_weighted,0.03,"[0, 1, 2, 3]","[0, 1, 2, 3, 4, 5, 6, 7, 8, 9, 10, 11, 12, 13]",125.0,4,14,0.4756236570900168,0.0030050845468716576,False,1500,1500,0.5159531182281542,0.8283387735259392,0.8383887226796354,"[0, 1]",30.0,True,False,[],"[2, 3]",0,2,125.0,95.0,95.0
nonlinear_interaction,51968,mlp_cost_weighted_5,mlp_cost_weighted,0.1,"[0, 1]","[0, 1, 2, 3, 4, 5, 6, 7]",30.0,2,8,0.5805966650975449,0.004034948782001659,False,1500,1500,0.470682708821602,0.84894784360025,0.8627098344082079,"[0, 1]",30.0,True,True,[],[],0,0,30.0,0.0,0.0
nonlinear_interaction,51968,logistic_all,logistic_all,0,"[0, 1, 2, 3, 4, 5]","[0, 1, 2, 3, 4, 5, 6, 7, 8, 9, 10, 11, 12, 13, 14, 15, 16, 17, 18, 19]",355.0,6,20,,,,,0,0.6984900949933313,0.5101916799777763,0.49191726691770304,"[0, 1]",30.0,True,False,[],"[2, 3, 4, 5]",0,4,355.0,325.0,325.0
nonlinear_interaction,51968,logistic_free,logistic_free,0,[],"[0, 1]",0.0,0,2,,,,,0,0.6938642498037915,0.5041669560386137,0.49434780544045054,"[0, 1]",30.0,False,False,"[0, 1]",[],2,0,0.0,0.0,
nonlinear_interaction,51968,logistic_cost_weighted_0,logistic_cost_weighted,0.0,"[0, 1, 2, 3, 4, 5]","[0, 1, 2, 3, 4, 5, 6, 7, 8, 9, 10, 11, 12, 13, 14, 15, 16, 17, 18, 19]",355.0,6,20,,,,,0,0.6984900949933313,0.5101916799777763,0.49191726691770304,"[0, 1]",30.0,True,False,[],"[2, 3, 4, 5]",0,4,355.0,325.0,325.0
nonlinear_interaction,51968,logistic_cost_weighted_1,logistic_cost_weighted,0.001,"[0, 1, 2, 3, 4, 5]","[0, 1, 2, 3, 4, 5, 6, 7, 8, 9, 10, 11, 12, 13, 14, 15, 16, 17, 18, 19]",355.0,6,20,,,,,0,0.6974976733407409,0.5105736509479825,0.49312802044363213,"[0, 1]",30.0,True,False,[],"[2, 3, 4, 5]",0,4,355.0,325.0,325.0
nonlinear_interaction,51968,logistic_cost_weighted_2,logistic_cost_weighted,0.003,"[0, 1, 2, 3, 4, 5]","[0, 1, 2, 3, 4, 5, 6, 7, 8, 9, 10, 11, 12, 13, 14, 15, 16, 17, 18, 19]",355.0,6,20,,,,,0,0.696091482779832,0.5114244044725328,0.49231529728064716,"[0, 1]",30.0,True,False,[],"[2, 3, 4, 5]",0,4,355.0,325.0,325.0
nonlinear_interaction,51968,logistic_cost_weighted_3,logistic_cost_weighted,0.01,"[0, 1, 2]","[0, 1, 2, 3, 4, 5, 6, 7, 8, 9, 10]",65.0,3,11,,,,,0,0.695316189470157,0.5016667824154456,0.48615299460556627,"[0, 1]",30.0,True,False,[],[2],0,1,65.0,35.0,35.0
nonlinear_interaction,51968,logistic_cost_weighted_4,logistic_cost_weighted,0.03,[0],"[0, 1, 2, 3, 4]",10.0,1,5,,,,,0,0.6939791025755465,0.5031425793457879,0.49304976425635877,"[0, 1]",30.0,False,False,[1],[],1,0,10.0,0.0,
nonlinear_interaction,51968,logistic_cost_weighted_5,logistic_cost_weighted,0.1,[],"[0, 1]",0.0,0,2,,,,,0,0.6938642533449472,0.5041669560386137,0.49434780544045054,"[0, 1]",30.0,False,False,"[0, 1]",[],2,0,0.0,0.0,
