task,seed,candidate_id,family,lambda,selected_groups,selected_features,cost,n_groups,n_features,train_objective,stationarity,converged,iterations,warmup_iterations,val_bce,val_auroc,val_ap,method,alpha,validation_objective,test_bce,test_auroc,test_ap
linear_control,51966,mlp_uniform_4,mlp_uniform,0.03,"[0, 1, 2, 3, 4, 5]","[0, 1, 2, 3, 4, 5, 6, 7, 8, 9, 10, 11, 12, 13, 14, 15, 16, 17, 18, 19]",355.0,6,20,0.5084329899898969,0.006923740623179923,False,1500,1500,0.445871942096712,0.8721327985275478,0.8592375976574503,mlp_uniform,0.0,0.445871942096712,0.4336229972149401,0.8799492914698527,0.8839637717439207
linear_control,51966,mlp_uniform_5,mlp_uniform,0.1,"[0, 1]","[0, 1, 2, 3, 4, 5, 6, 7]",30.0,2,8,0.5433216440808082,0.00372891766967388,False,1500,1500,0.45243670793357454,0.8742511850810022,0.8602483589432716,mlp_uniform,0.0005,0.46743670793357456,0.4409417950520264,0.881286468463462,0.8850686734435586
linear_control,51966,mlp_uniform_5,mlp_uniform,0.1,"[0, 1]","[0, 1, 2, 3, 4, 5, 6, 7]",30.0,2,8,0.5433216440808082,0.00372891766967388,False,1500,1500,0.45243670793357454,0.8742511850810022,0.8602483589432716,mlp_uniform,0.001,0.4824367079335745,0.4409417950520264,0.881286468463462,0.8850686734435586
linear_control,51966,mlp_uniform_5,mlp_uniform,0.1,"[0, 1]","[0, 1, 2, 3, 4, 5, 6, 7]",30.0,2,8,0.5433216440808082,0.00372891766967388,False,1500,1500,0.45243670793357454,0.8742511850810022,0.8602483589432716,mlp_uniform,0.003,0.5424367079335746,0.4409417950520264,0.881286468463462,0.8850686734435586
linear_control,51966,mlp_free,mlp_free,0,[],"[0, 1]",0.0,0,2,0.690905552855632,9.993707723689033e-05,True,1106,0,0.6938008796588183,0.4987932142174993,0.5014141111582663,mlp_uniform,0.01,0.6938008796588183,0.6957182307188335,0.49491178105029177,0.4806068548265332
linear_control,51966,mlp_cost_weighted_5,mlp_cost_weighted,0.1,"[0, 1]","[0, 1, 2, 3, 4, 5, 6, 7]",30.0,2,8,0.49527107342861454,0.0022409871686044024,False,1500,1500,0.44868234735774687,0.8717334305707489,0.8557052526923725,mlp_cost_weighted,0.0,0.44868234735774687,0.43236616596456595,0.8825020839121978,0.8859033895235008
linear_control,51966,mlp_cost_weighted_5,mlp_cost_weighted,0.1,"[0, 1]","[0, 1, 2, 3, 4, 5, 6, 7]",30.0,2,8,0.49527107342861454,0.0022409871686044024,False,1500,1500,0.44868234735774687,0.8717334305707489,0.8557052526923725,mlp_cost_weighted,0.0005,0.4636823473577469,0.43236616596456595,0.8825020839121978,0.8859033895235008
linear_control,51966,mlp_cost_weighted_5,mlp_cost_weighted,0.1,"[0, 1]","[0, 1, 2, 3, 4, 5, 6, 7]",30.0,2,8,0.49527107342861454,0.0022409871686044024,False,1500,1500,0.44868234735774687,0.8717334305707489,0.8557052526923725,mlp_cost_weighted,0.001,0.47868234735774684,0.43236616596456595,0.8825020839121978,0.8859033895235008
linear_control,51966,mlp_cost_weighted_5,mlp_cost_weighted,0.1,"[0, 1]","[0, 1, 2, 3, 4, 5, 6, 7]",30.0,2,8,0.49527107342861454,0.0022409871686044024,False,1500,1500,0.44868234735774687,0.8717334305707489,0.8557052526923725,mlp_cost_weighted,0.003,0.5386823473577469,0.43236616596456595,0.8825020839121978,0.8859033895235008
linear_control,51966,mlp_free,mlp_free,0,[],"[0, 1]",0.0,0,2,0.690905552855632,9.993707723689033e-05,True,1106,0,0.6938008796588183,0.4987932142174993,0.5014141111582663,mlp_cost_weighted,0.01,0.6938008796588183,0.6957182307188335,0.49491178105029177,0.4806068548265332
linear_control,51966,logistic_cost_weighted_2,logistic_cost_weighted,0.003,"[0, 1, 2, 3, 4]","[0, 1, 2, 3, 4, 5, 6, 7, 8, 9, 10, 11, 12, 13, 14, 15, 16]",215.0,5,17,,,,,0,0.4427986364531209,0.8741990936083763,0.8578099820039214,logistic_cost_weighted,0.0,0.4427986364531209,0.4262774256986167,0.8847075576549042,0.8891983931173497
linear_control,51966,logistic_cost_weighted_4,logistic_cost_weighted,0.03,"[0, 1]","[0, 1, 2, 3, 4, 5, 6, 7]",30.0,2,8,,,,,0,0.4487924532798109,0.8756923824903197,0.8587152169652277,logistic_cost_weighted,0.0005,0.4637924532798109,0.43142100509860887,0.8862357599333148,0.8902326310931483
linear_control,51966,logistic_cost_weighted_4,logistic_cost_weighted,0.03,"[0, 1]","[0, 1, 2, 3, 4, 5, 6, 7]",30.0,2,8,,,,,0,0.4487924532798109,0.8756923824903197,0.8587152169652277,logistic_cost_weighted,0.001,0.4787924532798109,0.43142100509860887,0.8862357599333148,0.8902326310931483
linear_control,51966,logistic_cost_weighted_4,logistic_cost_weighted,0.03,"[0, 1]","[0, 1, 2, 3, 4, 5, 6, 7]",30.0,2,8,,,,,0,0.4487924532798109,0.8756923824903197,0.8587152169652277,logistic_cost_weighted,0.003,0.5387924532798108,0.43142100509860887,0.8862357599333148,0.8902326310931483
linear_control,51966,logistic_free,logistic_free,0,[],"[0, 1]",0.0,0,2,,,,,0,0.6937485414883479,0.4971436509176781,0.502719313013174,logistic_cost_weighted,0.01,0.6937485414883479,0.6936401444647696,0.5146568491247568,0.4951253803776057
linear_control,51966,mlp_all,mlp_all,0,"[0, 1, 2, 3, 4, 5]","[0, 1, 2, 3, 4, 5, 6, 7, 8, 9, 10, 11, 12, 13, 14, 15, 16, 17, 18, 19]",355.0,6,20,0.17826020599591208,0.0020776020504180465,False,1500,0,0.9416109718513129,0.807209459811429,0.7926065688414866,mlp_all,,,1.0744417920328255,0.7829084467907752,0.7946216730358495
linear_control,51966,mlp_free,mlp_free,0,[],"[0, 1]",0.0,0,2,0.690905552855632,9.993707723689033e-05,True,1106,0,0.6938008796588183,0.4987932142174993,0.5014141111582663,mlp_free,,,0.6957182307188335,0.49491178105029177,0.4806068548265332
linear_control,51966,logistic_all,logistic_all,0,"[0, 1, 2, 3, 4, 5]","[0, 1, 2, 3, 4, 5, 6, 7, 8, 9, 10, 11, 12, 13, 14, 15, 16, 17, 18, 19]",355.0,6,20,,,,,0,0.4469452384383648,0.8705179628761439,0.8563398532797641,logistic_all,,,0.42740957526714213,0.8835093081411504,0.8885317638279226
linear_control,51966,logistic_free,logistic_free,0,[],"[0, 1]",0.0,0,2,,,,,0,0.6937485414883479,0.4971436509176781,0.502719313013174,logistic_free,,,0.6936401444647696,0.5146568491247568,0.4951253803776057
nonlinear_interaction,51966,mlp_uniform_4,mlp_uniform,0.03,"[0, 1, 2, 3, 4, 5]","[0, 1, 2, 3, 4, 5, 6, 7, 8, 9, 10, 11, 12, 13, 14, 15, 16, 17, 18, 19]",355.0,6,20,0.6048834661931317,0.006512499822198708,False,1500,1500,0.46572636100149073,0.8508206686930091,0.863242320353335,mlp_uniform,0.0,0.46572636100149073,0.4436650553606157,0.8811463308727747,0.8848661001593766
nonlinear_interaction,51966,mlp_uniform_5,mlp_uniform,0.1,"[0, 1, 3]","[0, 1, 2, 3, 4, 5, 6, 7, 11, 12, 13]",90.0,3,11,0.7717893700241206,0.006315322290258342,False,1500,1500,0.5791354530038755,0.7958488927485887,0.8045616656128352,mlp_uniform,0.0005,0.6241354530038755,0.5698458141868751,0.8353104646113765,0.8403048954091487
nonlinear_interaction,51966,mlp_uniform_5,mlp_uniform,0.1,"[0, 1, 3]","[0, 1, 2, 3, 4, 5, 6, 7, 11, 12, 13]",90.0,3,11,0.7717893700241206,0.006315322290258342,False,1500,1500,0.5791354530038755,0.7958488927485887,0.8045616656128352,mlp_uniform,0.001,0.6691354530038754,0.5698458141868751,0.8353104646113765,0.8403048954091487
nonlinear_interaction,51966,mlp_free,mlp_free,0,[],"[0, 1]",0.0,0,2,0.6897485761908035,0.0001610287338404071,False,1500,0,0.7015696320281517,0.4812679114198871,0.4953529056296503,mlp_uniform,0.003,0.7015696320281517,0.6956197592803386,0.4976118106817195,0.5173369596661886
nonlinear_interaction,51966,mlp_free,mlp_free,0,[],"[0, 1]",0.0,0,2,0.6897485761908035,0.0001610287338404071,False,1500,0,0.7015696320281517,0.4812679114198871,0.4953529056296503,mlp_uniform,0.01,0.7015696320281517,0.6956197592803386,0.4976118106817195,0.5173369596661886
nonlinear_interaction,51966,mlp_cost_weighted_5,mlp_cost_weighted,0.1,"[0, 1]","[0, 1, 2, 3, 4, 5, 6, 7]",30.0,2,8,0.5977000773022956,0.0047888612845442,False,1500,1500,0.4694195973350866,0.84811115935736,0.8623874272181244,mlp_cost_weighted,0.0,0.4694195973350866,0.44195726585937095,0.8863048198002605,0.8896658732304812
nonlinear_interaction,51966,mlp_cost_weighted_5,mlp_cost_weighted,0.1,"[0, 1]","[0, 1, 2, 3, 4, 5, 6, 7]",30.0,2,8,0.5977000773022956,0.0047888612845442,False,1500,1500,0.4694195973350866,0.84811115935736,0.8623874272181244,mlp_cost_weighted,0.0005,0.4844195973350866,0.44195726585937095,0.8863048198002605,0.8896658732304812
nonlinear_interaction,51966,mlp_cost_weighted_5,mlp_cost_weighted,0.1,"[0, 1]","[0, 1, 2, 3, 4, 5, 6, 7]",30.0,2,8,0.5977000773022956,0.0047888612845442,False,1500,1500,0.4694195973350866,0.84811115935736,0.8623874272181244,mlp_cost_weighted,0.001,0.49941959733508656,0.44195726585937095,0.8863048198002605,0.8896658732304812
nonlinear_interaction,51966,mlp_cost_weighted_5,mlp_cost_weighted,0.1,"[0, 1]","[0, 1, 2, 3, 4, 5, 6, 7]",30.0,2,8,0.5977000773022956,0.0047888612845442,False,1500,1500,0.4694195973350866,0.84811115935736,0.8623874272181244,mlp_cost_weighted,0.003,0.5594195973350866,0.44195726585937095,0.8863048198002605,0.8896658732304812
nonlinear_interaction,51966,mlp_free,mlp_free,0,[],"[0, 1]",0.0,0,2,0.6897485761908035,0.0001610287338404071,False,1500,0,0.7015696320281517,0.4812679114198871,0.4953529056296503,mlp_cost_weighted,0.01,0.7015696320281517,0.6956197592803386,0.4976118106817195,0.5173369596661886
nonlinear_interaction,51966,logistic_free,logistic_free,0,[],"[0, 1]",0.0,0,2,,,,,0,0.6962183735034663,0.4604429005644811,0.49009688337747614,logistic_cost_weighted,0.0,0.6962183735034663,0.6938090803945334,0.4977854971775944,0.5199637485498785
nonlinear_interaction,51966,logistic_free,logistic_free,0,[],"[0, 1]",0.0,0,2,,,,,0,0.6962183735034663,0.4604429005644811,0.49009688337747614,logistic_cost_weighted,0.0005,0.6962183735034663,0.6938090803945334,0.4977854971775944,0.5199637485498785
nonlinear_interaction,51966,logistic_free,logistic_free,0,[],"[0, 1]",0.0,0,2,,,,,0,0.6962183735034663,0.4604429005644811,0.49009688337747614,logistic_cost_weighted,0.001,0.6962183735034663,0.6938090803945334,0.4977854971775944,0.5199637485498785
nonlinear_interaction,51966,logistic_free,logistic_free,0,[],"[0, 1]",0.0,0,2,,,,,0,0.6962183735034663,0.4604429005644811,0.49009688337747614,logistic_cost_weighted,0.003,0.6962183735034663,0.6938090803945334,0.4977854971775944,0.5199637485498785
nonlinear_interaction,51966,logistic_free,logistic_free,0,[],"[0, 1]",0.0,0,2,,,,,0,0.6962183735034663,0.4604429005644811,0.49009688337747614,logistic_cost_weighted,0.01,0.6962183735034663,0.6938090803945334,0.4977854971775944,0.5199637485498785
nonlinear_interaction,51966,mlp_all,mlp_all,0,"[0, 1, 2, 3, 4, 5]","[0, 1, 2, 3, 4, 5, 6, 7, 8, 9, 10, 11, 12, 13, 14, 15, 16, 17, 18, 19]",355.0,6,20,0.20660449777018242,0.0022266209079268616,False,1500,0,1.1024998429305983,0.7126356925749022,0.7190482758724148,mlp_all,,,0.880848191957237,0.7790534085974815,0.7752623558295035
nonlinear_interaction,51966,mlp_free,mlp_free,0,[],"[0, 1]",0.0,0,2,0.6897485761908035,0.0001610287338404071,False,1500,0,0.7015696320281517,0.4812679114198871,0.4953529056296503,mlp_free,,,0.6956197592803386,0.4976118106817195,0.5173369596661886
nonlinear_interaction,51966,logistic_all,logistic_all,0,"[0, 1, 2, 3, 4, 5]","[0, 1, 2, 3, 4, 5, 6, 7, 8, 9, 10, 11, 12, 13, 14, 15, 16, 17, 18, 19]",355.0,6,20,,,,,0,0.7013817930378494,0.4967260095527573,0.536580593002767,logistic_all,,,0.6994331523348197,0.5158836300477637,0.5136774872982525
nonlinear_interaction,51966,logistic_free,logistic_free,0,[],"[0, 1]",0.0,0,2,,,,,0,0.6962183735034663,0.4604429005644811,0.49009688337747614,logistic_free,,,0.6938090803945334,0.4977854971775944,0.5199637485498785
linear_control,51967,mlp_uniform_4,mlp_uniform,0.03,"[0, 1, 2, 3, 4, 5]","[0, 1, 2, 3, 4, 5, 6, 7, 8, 9, 10, 11, 12, 13, 14, 15, 16, 17, 18, 19]",355.0,6,20,0.4955548942439421,0.006387460257170601,False,1500,1500,0.46134805642741944,0.8650600736162234,0.862414491988561,mlp_uniform,0.0,0.46134805642741944,0.4874624995524035,0.8507960207642493,0.8537767426016276
linear_control,51967,mlp_uniform_5,mlp_uniform,0.1,"[0, 1, 3]","[0, 1, 2, 3, 4, 5, 6, 7, 11, 12, 13]",90.0,3,11,0.535577547062082,0.0040004915731493285,False,1500,1500,0.4615608705737991,0.8663101604278075,0.8666435949988263,mlp_uniform,0.0005,0.5065608705737991,0.4763325304075425,0.856525286897342,0.862161018976345
linear_control,51967,mlp_uniform_5,mlp_uniform,0.1,"[0, 1, 3]","[0, 1, 2, 3, 4, 5, 6, 7, 11, 12, 13]",90.0,3,11,0.535577547062082,0.0040004915731493285,False,1500,1500,0.4615608705737991,0.8663101604278075,0.8666435949988263,mlp_uniform,0.001,0.5515608705737991,0.4763325304075425,0.856525286897342,0.862161018976345
linear_control,51967,mlp_free,mlp_free,0,[],"[0, 1]",0.0,0,2,0.6877766115883853,9.956030812813823e-05,True,1278,0,0.6966944273940688,0.515573998194319,0.519825561953148,mlp_uniform,0.003,0.6966944273940688,0.6935919583367529,0.5094012048820292,0.541966302724989
linear_control,51967,mlp_free,mlp_free,0,[],"[0, 1]",0.0,0,2,0.6877766115883853,9.956030812813823e-05,True,1278,0,0.6966944273940688,0.515573998194319,0.519825561953148,mlp_uniform,0.01,0.6966944273940688,0.6935919583367529,0.5094012048820292,0.541966302724989
linear_control,51967,mlp_cost_weighted_5,mlp_cost_weighted,0.1,"[0, 1]","[0, 1, 2, 3, 4, 5, 6, 7]",30.0,2,8,0.48648876577141803,0.0014819161590610707,False,1500,1500,0.45824586232623216,0.8663969720119453,0.8659028991507,mlp_cost_weighted,0.0,0.45824586232623216,0.47599492150397665,0.8567683466726853,0.8630922970862069
linear_control,51967,mlp_cost_weighted_5,mlp_cost_weighted,0.1,"[0, 1]","[0, 1, 2, 3, 4, 5, 6, 7]",30.0,2,8,0.48648876577141803,0.0014819161590610707,False,1500,1500,0.45824586232623216,0.8663969720119453,0.8659028991507,mlp_cost_weighted,0.0005,0.47324586232623217,0.47599492150397665,0.8567683466726853,0.8630922970862069
linear_control,51967,mlp_cost_weighted_5,mlp_cost_weighted,0.1,"[0, 1]","[0, 1, 2, 3, 4, 5, 6, 7]",30.0,2,8,0.48648876577141803,0.0014819161590610707,False,1500,1500,0.45824586232623216,0.8663969720119453,0.8659028991507,mlp_cost_weighted,0.001,0.4882458623262321,0.47599492150397665,0.8567683466726853,0.8630922970862069
linear_control,51967,mlp_cost_weighted_5,mlp_cost_weighted,0.1,"[0, 1]","[0, 1, 2, 3, 4, 5, 6, 7]",30.0,2,8,0.48648876577141803,0.0014819161590610707,False,1500,1500,0.45824586232623216,0.8663969720119453,0.8659028991507,mlp_cost_weighted,0.003,0.5482458623262322,0.47599492150397665,0.8567683466726853,0.8630922970862069
linear_control,51967,mlp_free,mlp_free,0,[],"[0, 1]",0.0,0,2,0.6877766115883853,9.956030812813823e-05,True,1278,0,0.6966944273940688,0.515573998194319,0.519825561953148,mlp_cost_weighted,0.01,0.6966944273940688,0.6935919583367529,0.5094012048820292,0.541966302724989
linear_control,51967,logistic_cost_weighted_3,logistic_cost_weighted,0.01,"[0, 1, 2, 3]","[0, 1, 2, 3, 4, 5, 6, 7, 8, 9, 10, 11, 12, 13]",125.0,4,14,,,,,0,0.452568991961941,0.8690013195360791,0.8684931413200812,logistic_cost_weighted,0.0,0.452568991961941,0.47045874880887445,0.8596677025642807,0.8659404482640002
linear_control,51967,logistic_cost_weighted_4,logistic_cost_weighted,0.03,"[0, 1]","[0, 1, 2, 3, 4, 5, 6, 7]",30.0,2,8,,,,,0,0.4564569166396769,0.8684457253975971,0.8680071444872962,logistic_cost_weighted,0.0005,0.4714569166396769,0.47094292611175864,0.859546172676609,0.866631132540959
linear_control,51967,logistic_cost_weighted_4,logistic_cost_weighted,0.03,"[0, 1]","[0, 1, 2, 3, 4, 5, 6, 7]",30.0,2,8,,,,,0,0.4564569166396769,0.8684457253975971,0.8680071444872962,logistic_cost_weighted,0.001,0.48645691663967694,0.47094292611175864,0.859546172676609,0.866631132540959
linear_control,51967,logistic_cost_weighted_4,logistic_cost_weighted,0.03,"[0, 1]","[0, 1, 2, 3, 4, 5, 6, 7]",30.0,2,8,,,,,0,0.4564569166396769,0.8684457253975971,0.8680071444872962,logistic_cost_weighted,0.003,0.5464569166396769,0.47094292611175864,0.859546172676609,0.866631132540959
linear_control,51967,logistic_free,logistic_free,0,[],"[0, 1]",0.0,0,2,,,,,0,0.6933585710546761,0.5085075352455031,0.526043611439734,logistic_cost_weighted,0.01,0.6933585710546761,0.6916996751723415,0.5329606416778069,0.5330938541633313
linear_control,51967,mlp_all,mlp_all,0,"[0, 1, 2, 3, 4, 5]","[0, 1, 2, 3, 4, 5, 6, 7, 8, 9, 10, 11, 12, 13, 14, 15, 16, 17, 18, 19]",355.0,6,20,0.17211746710068349,0.0005564690181474307,False,1500,0,1.0873214183603253,0.7782137648447809,0.7681729245266176,mlp_all,,,1.126188209713907,0.7545443497282938,0.7771108899312669
linear_control,51967,mlp_free,mlp_free,0,[],"[0, 1]",0.0,0,2,0.6877766115883853,9.956030812813823e-05,True,1278,0,0.6966944273940688,0.515573998194319,0.519825561953148,mlp_free,,,0.6935919583367529,0.5094012048820292,0.541966302724989
linear_control,51967,logistic_all,logistic_all,0,"[0, 1, 2, 3, 4, 5]","[0, 1, 2, 3, 4, 5, 6, 7, 8, 9, 10, 11, 12, 13, 14, 15, 16, 17, 18, 19]",355.0,6,20,,,,,0,0.4559433195565396,0.8669699284672547,0.8634092789679302,logistic_all,,,0.48194729634886085,0.8554488793208216,0.8577587662764407
linear_control,51967,logistic_free,logistic_free,0,[],"[0, 1]",0.0,0,2,,,,,0,0.6933585710546761,0.5085075352455031,0.526043611439734,logistic_free,,,0.6916996751723415,0.5329606416778069,0.5330938541633313
nonlinear_interaction,51967,mlp_uniform_4,mlp_uniform,0.03,"[0, 1, 2, 3, 4, 5]","[0, 1, 2, 3, 4, 5, 6, 7, 8, 9, 10, 11, 12, 13, 14, 15, 16, 17, 18, 19]",355.0,6,20,0.5803861745162758,0.0067370148054226656,False,1500,1500,0.44294548950726537,0.8737651695341933,0.8861785889449891,mlp_uniform,0.0,0.44294548950726537,0.43593033796075803,0.8749804684109099,0.8845198054422629
nonlinear_interaction,51967,mlp_uniform_5,mlp_uniform,0.1,"[0, 1, 2]","[0, 1, 2, 3, 4, 5, 6, 7, 8, 9, 10]",65.0,3,11,0.764665991002696,0.006291133448783298,False,1500,1500,0.5256594993195197,0.862567058455876,0.8762699369535889,mlp_uniform,0.0005,0.5581594993195197,0.5167263192621249,0.8648066806715394,0.8741377664142171
nonlinear_interaction,51967,mlp_uniform_5,mlp_uniform,0.1,"[0, 1, 2]","[0, 1, 2, 3, 4, 5, 6, 7, 8, 9, 10]",65.0,3,11,0.764665991002696,0.006291133448783298,False,1500,1500,0.5256594993195197,0.862567058455876,0.8762699369535889,mlp_uniform,0.001,0.5906594993195198,0.5167263192621249,0.8648066806715394,0.8741377664142171
nonlinear_interaction,51967,mlp_free,mlp_free,0,[],"[0, 1]",0.0,0,2,0.692235552069163,0.00021914793687047255,False,1500,0,0.6915629585153644,0.5273702668449105,0.5292465187292775,mlp_uniform,0.003,0.6915629585153644,0.6936436691490864,0.5079602076424938,0.5160241043343433
nonlinear_interaction,51967,mlp_free,mlp_free,0,[],"[0, 1]",0.0,0,2,0.692235552069163,0.00021914793687047255,False,1500,0,0.6915629585153644,0.5273702668449105,0.5292465187292775,mlp_uniform,0.01,0.6915629585153644,0.6936436691490864,0.5079602076424938,0.5160241043343433
nonlinear_interaction,51967,mlp_cost_weighted_5,mlp_cost_weighted,0.1,"[0, 1, 2]","[0, 1, 2, 3, 4, 5, 6, 7, 8, 9, 10]",65.0,3,11,0.575346757094794,0.004948922191690459,False,1500,1500,0.44578391464448663,0.8753624194864496,0.8877361861316191,mlp_cost_weighted,0.0,0.44578391464448663,0.4331021883861614,0.8797201340301046,0.8885443736754354
nonlinear_interaction,51967,mlp_cost_weighted_5,mlp_cost_weighted,0.1,"[0, 1, 2]","[0, 1, 2, 3, 4, 5, 6, 7, 8, 9, 10]",65.0,3,11,0.575346757094794,0.004948922191690459,False,1500,1500,0.44578391464448663,0.8753624194864496,0.8877361861316191,mlp_cost_weighted,0.0005,0.4782839146444866,0.4331021883861614,0.8797201340301046,0.8885443736754354
nonlinear_interaction,51967,mlp_cost_weighted_5,mlp_cost_weighted,0.1,"[0, 1, 2]","[0, 1, 2, 3, 4, 5, 6, 7, 8, 9, 10]",65.0,3,11,0.575346757094794,0.004948922191690459,False,1500,1500,0.44578391464448663,0.8753624194864496,0.8877361861316191,mlp_cost_weighted,0.001,0.5107839146444866,0.4331021883861614,0.8797201340301046,0.8885443736754354
nonlinear_interaction,51967,mlp_cost_weighted_5,mlp_cost_weighted,0.1,"[0, 1, 2]","[0, 1, 2, 3, 4, 5, 6, 7, 8, 9, 10]",65.0,3,11,0.575346757094794,0.004948922191690459,False,1500,1500,0.44578391464448663,0.8753624194864496,0.8877361861316191,mlp_cost_weighted,0.003,0.6407839146444867,0.4331021883861614,0.8797201340301046,0.8885443736754354
nonlinear_interaction,51967,mlp_free,mlp_free,0,[],"[0, 1]",0.0,0,2,0.692235552069163,0.00021914793687047255,False,1500,0,0.6915629585153644,0.5273702668449105,0.5292465187292775,mlp_cost_weighted,0.01,0.6915629585153644,0.6936436691490864,0.5079602076424938,0.5160241043343433
nonlinear_interaction,51967,logistic_free,logistic_free,0,[],"[0, 1]",0.0,0,2,,,,,0,0.6918414403280778,0.5275265195576312,0.5297754361494794,logistic_cost_weighted,0.0,0.6918414403280778,0.6928500395129061,0.5105817809336968,0.5202274905691648
nonlinear_interaction,51967,logistic_free,logistic_free,0,[],"[0, 1]",0.0,0,2,,,,,0,0.6918414403280778,0.5275265195576312,0.5297754361494794,logistic_cost_weighted,0.0005,0.6918414403280778,0.6928500395129061,0.5105817809336968,0.5202274905691648
nonlinear_interaction,51967,logistic_free,logistic_free,0,[],"[0, 1]",0.0,0,2,,,,,0,0.6918414403280778,0.5275265195576312,0.5297754361494794,logistic_cost_weighted,0.001,0.6918414403280778,0.6928500395129061,0.5105817809336968,0.5202274905691648
nonlinear_interaction,51967,logistic_free,logistic_free,0,[],"[0, 1]",0.0,0,2,,,,,0,0.6918414403280778,0.5275265195576312,0.5297754361494794,logistic_cost_weighted,0.003,0.6918414403280778,0.6928500395129061,0.5105817809336968,0.5202274905691648
nonlinear_interaction,51967,logistic_free,logistic_free,0,[],"[0, 1]",0.0,0,2,,,,,0,0.6918414403280778,0.5275265195576312,0.5297754361494794,logistic_cost_weighted,0.01,0.6918414403280778,0.6928500395129061,0.5105817809336968,0.5202274905691648
nonlinear_interaction,51967,mlp_all,mlp_all,0,"[0, 1, 2, 3, 4, 5]","[0, 1, 2, 3, 4, 5, 6, 7, 8, 9, 10, 11, 12, 13, 14, 15, 16, 17, 18, 19]",355.0,6,20,0.19330565464637608,0.0017472721500008145,False,1500,0,1.012761917566973,0.7424087223736523,0.7365212485418784,mlp_all,,,0.9551352572967661,0.7564541051059914,0.7496898360281176
nonlinear_interaction,51967,mlp_free,mlp_free,0,[],"[0, 1]",0.0,0,2,0.692235552069163,0.00021914793687047255,False,1500,0,0.6915629585153644,0.5273702668449105,0.5292465187292775,mlp_free,,,0.6936436691490864,0.5079602076424938,0.5160241043343433
nonlinear_interaction,51967,logistic_all,logistic_all,0,"[0, 1, 2, 3, 4, 5]","[0, 1, 2, 3, 4, 5, 6, 7, 8, 9, 10, 11, 12, 13, 14, 15, 16, 17, 18, 19]",355.0,6,20,,,,,0,0.698161934900383,0.5001302105939339,0.4991915866800929,logistic_all,,,0.6953377775797293,0.5239500685775794,0.5249587517202035
nonlinear_interaction,51967,logistic_free,logistic_free,0,[],"[0, 1]",0.0,0,2,,,,,0,0.6918414403280778,0.5275265195576312,0.5297754361494794,logistic_free,,,0.6928500395129061,0.5105817809336968,0.5202274905691648
linear_control,51968,mlp_uniform_4,mlp_uniform,0.03,"[0, 1, 2, 3, 4, 5]","[0, 1, 2, 3, 4, 5, 6, 7, 8, 9, 10, 11, 12, 13, 14, 15, 16, 17, 18, 19]",355.0,6,20,0.5009012008479116,0.006765800387063158,False,1500,1500,0.42123213311629176,0.8925022583559169,0.8889860371853956,mlp_uniform,0.0,0.42123213311629176,0.4365460571411242,0.8787336449410088,0.892201660232761
linear_control,51968,mlp_uniform_5,mlp_uniform,0.1,"[0, 1]","[0, 1, 2, 3, 4, 5, 6, 7]",30.0,2,8,0.5371407010591809,0.00498499818135967,False,1500,1500,0.42975942853367766,0.8944826627753457,0.8906514816478833,mlp_uniform,0.0005,0.44475942853367767,0.4439055705980604,0.8809403833121926,0.8926790308798316
linear_control,51968,mlp_uniform_5,mlp_uniform,0.1,"[0, 1]","[0, 1, 2, 3, 4, 5, 6, 7]",30.0,2,8,0.5371407010591809,0.00498499818135967,False,1500,1500,0.42975942853367766,0.8944826627753457,0.8906514816478833,mlp_uniform,0.001,0.4597594285336777,0.4439055705980604,0.8809403833121926,0.8926790308798316
linear_control,51968,mlp_uniform_5,mlp_uniform,0.1,"[0, 1]","[0, 1, 2, 3, 4, 5, 6, 7]",30.0,2,8,0.5371407010591809,0.00498499818135967,False,1500,1500,0.42975942853367766,0.8944826627753457,0.8906514816478833,mlp_uniform,0.003,0.5197594285336776,0.4439055705980604,0.8809403833121926,0.8926790308798316
linear_control,51968,mlp_free,mlp_free,0,[],"[0, 1]",0.0,0,2,0.6920149738544399,9.959465414516364e-05,True,1094,0,0.6940238867156141,0.5044645959280106,0.5180948636039087,mlp_uniform,0.01,0.6940238867156141,0.694872358065756,0.5014856388246945,0.5300646546690557
linear_control,51968,mlp_cost_weighted_5,mlp_cost_weighted,0.1,"[0, 1]","[0, 1, 2, 3, 4, 5, 6, 7]",30.0,2,8,0.48903951426648523,0.0024717067359373754,False,1500,1500,0.4217329885154913,0.8933882287540824,0.8896119121289064,mlp_cost_weighted,0.0,0.4217329885154913,0.4369200846115735,0.8805581136730899,0.8924202976372736
linear_control,51968,mlp_cost_weighted_5,mlp_cost_weighted,0.1,"[0, 1]","[0, 1, 2, 3, 4, 5, 6, 7]",30.0,2,8,0.48903951426648523,0.0024717067359373754,False,1500,1500,0.4217329885154913,0.8933882287540824,0.8896119121289064,mlp_cost_weighted,0.0005,0.4367329885154913,0.4369200846115735,0.8805581136730899,0.8924202976372736
linear_control,51968,mlp_cost_weighted_5,mlp_cost_weighted,0.1,"[0, 1]","[0, 1, 2, 3, 4, 5, 6, 7]",30.0,2,8,0.48903951426648523,0.0024717067359373754,False,1500,1500,0.4217329885154913,0.8933882287540824,0.8896119121289064,mlp_cost_weighted,0.001,0.45173298851549126,0.4369200846115735,0.8805581136730899,0.8924202976372736
linear_control,51968,mlp_cost_weighted_5,mlp_cost_weighted,0.1,"[0, 1]","[0, 1, 2, 3, 4, 5, 6, 7]",30.0,2,8,0.48903951426648523,0.0024717067359373754,False,1500,1500,0.4217329885154913,0.8933882287540824,0.8896119121289064,mlp_cost_weighted,0.003,0.5117329885154913,0.4369200846115735,0.8805581136730899,0.8924202976372736
linear_control,51968,mlp_free,mlp_free,0,[],"[0, 1]",0.0,0,2,0.6920149738544399,9.959465414516364e-05,True,1094,0,0.6940238867156141,0.5044645959280106,0.5180948636039087,mlp_cost_weighted,0.01,0.6940238867156141,0.694872358065756,0.5014856388246945,0.5300646546690557
linear_control,51968,logistic_cost_weighted_2,logistic_cost_weighted,0.003,"[0, 1, 2, 3, 4, 5]","[0, 1, 2, 3, 4, 5, 6, 7, 8, 9, 10, 11, 12, 13, 14, 15, 16, 17, 18, 19]",355.0,6,20,,,,,0,0.419534660898409,0.8936140643457716,0.8889089964545919,logistic_cost_weighted,0.0,0.419534660898409,0.4308431599481302,0.8824520859759171,0.8940609357279783
linear_control,51968,logistic_cost_weighted_4,logistic_cost_weighted,0.03,"[0, 1]","[0, 1, 2, 3, 4, 5, 6, 7]",30.0,2,8,,,,,0,0.42550487043716406,0.8953860051421028,0.8910397415417499,logistic_cost_weighted,0.0005,0.4405048704371641,0.43787309131604935,0.8839116609615819,0.8943389452239588
linear_control,51968,logistic_cost_weighted_4,logistic_cost_weighted,0.03,"[0, 1]","[0, 1, 2, 3, 4, 5, 6, 7]",30.0,2,8,,,,,0,0.42550487043716406,0.8953860051421028,0.8910397415417499,logistic_cost_weighted,0.001,0.45550487043716403,0.43787309131604935,0.8839116609615819,0.8943389452239588
linear_control,51968,logistic_cost_weighted_4,logistic_cost_weighted,0.03,"[0, 1]","[0, 1, 2, 3, 4, 5, 6, 7]",30.0,2,8,,,,,0,0.42550487043716406,0.8953860051421028,0.8910397415417499,logistic_cost_weighted,0.003,0.5155048704371641,0.43787309131604935,0.8839116609615819,0.8943389452239588
linear_control,51968,logistic_free,logistic_free,0,[],"[0, 1]",0.0,0,2,,,,,0,0.6937663200908901,0.4888993120700438,0.5184353312367312,logistic_cost_weighted,0.01,0.6937663200908901,0.6928836083272785,0.5144480547688137,0.5360331047330954
linear_control,51968,mlp_all,mlp_all,0,"[0, 1, 2, 3, 4, 5]","[0, 1, 2, 3, 4, 5, 6, 7, 8, 9, 10, 11, 12, 13, 14, 15, 16, 17, 18, 19]",355.0,6,20,0.16923605624272245,0.0014716034749998853,False,1500,0,0.9954167323188238,0.7843443819053575,0.8021932292997467,mlp_all,,,0.9607426635852564,0.7732619763340342,0.7798772194371312
linear_control,51968,mlp_free,mlp_free,0,[],"[0, 1]",0.0,0,2,0.6920149738544399,9.959465414516364e-05,True,1094,0,0.6940238867156141,0.5044645959280106,0.5180948636039087,mlp_free,,,0.694872358065756,0.5014856388246945,0.5300646546690557
linear_control,51968,logistic_all,logistic_all,0,"[0, 1, 2, 3, 4, 5]","[0, 1, 2, 3, 4, 5, 6, 7, 8, 9, 10, 11, 12, 13, 14, 15, 16, 17, 18, 19]",355.0,6,20,,,,,0,0.4204045765141947,0.8923632826071851,0.8881694869756626,logistic_all,,,0.43422133908298266,0.8790811627947386,0.8912036291771417
linear_control,51968,logistic_free,logistic_free,0,[],"[0, 1]",0.0,0,2,,,,,0,0.6937663200908901,0.4888993120700438,0.5184353312367312,logistic_free,,,0.6928836083272785,0.5144480547688137,0.5360331047330954
nonlinear_interaction,51968,mlp_uniform_4,mlp_uniform,0.03,"[0, 1, 2, 3, 4, 5]","[0, 1, 2, 3, 4, 5, 6, 7, 8, 9, 10, 11, 12, 13, 14, 15, 16, 17, 18, 19]",355.0,6,20,0.5854099739063924,0.0061020842887653335,False,1500,1500,0.4652700368301035,0.8517952635599694,0.8662961399126295,mlp_uniform,0.0,0.4652700368301035,0.46420873552763003,0.8580530911995,0.8640525860110096
nonlinear_interaction,51968,mlp_uniform_5,mlp_uniform,0.1,"[0, 1]","[0, 1, 2, 3, 4, 5, 6, 7]",30.0,2,8,0.7635515713692911,0.00545753022411332,False,1500,1500,0.5462056969121047,0.8360476421973748,0.8487623620790137,mlp_uniform,0.0005,0.5612056969121048,0.5554944129386125,0.8241809753641556,0.8294517418773553
nonlinear_interaction,51968,mlp_uniform_5,mlp_uniform,0.1,"[0, 1]","[0, 1, 2, 3, 4, 5, 6, 7]",30.0,2,8,0.7635515713692911,0.00545753022411332,False,1500,1500,0.5462056969121047,0.8360476421973748,0.8487623620790137,mlp_uniform,0.001,0.5762056969121048,0.5554944129386125,0.8241809753641556,0.8294517418773553
nonlinear_interaction,51968,mlp_uniform_5,mlp_uniform,0.1,"[0, 1]","[0, 1, 2, 3, 4, 5, 6, 7]",30.0,2,8,0.7635515713692911,0.00545753022411332,False,1500,1500,0.5462056969121047,0.8360476421973748,0.8487623620790137,mlp_uniform,0.003,0.6362056969121047,0.5554944129386125,0.8241809753641556,0.8294517418773553
nonlinear_interaction,51968,mlp_free,mlp_free,0,[],"[0, 1]",0.0,0,2,0.6895458643583353,0.00025920404656737986,False,1500,0,0.7069645584252071,0.4394749635391347,0.4665433414865983,mlp_uniform,0.01,0.7069645584252071,0.7065230321666943,0.455250959218042,0.47733655201453956
nonlinear_interaction,51968,mlp_cost_weighted_5,mlp_cost_weighted,0.1,"[0, 1]","[0, 1, 2, 3, 4, 5, 6, 7]",30.0,2,8,0.5805966650975449,0.004034948782001659,False,1500,1500,0.470682708821602,0.84894784360025,0.8627098344082079,mlp_cost_weighted,0.0,0.470682708821602,0.46625253986532156,0.8618031563047969,0.8664929127850767
nonlinear_interaction,51968,mlp_cost_weighted_5,mlp_cost_weighted,0.1,"[0, 1]","[0, 1, 2, 3, 4, 5, 6, 7]",30.0,2,8,0.5805966650975449,0.004034948782001659,False,1500,1500,0.470682708821602,0.84894784360025,0.8627098344082079,mlp_cost_weighted,0.0005,0.485682708821602,0.46625253986532156,0.8618031563047969,0.8664929127850767
nonlinear_interaction,51968,mlp_cost_weighted_5,mlp_cost_weighted,0.1,"[0, 1]","[0, 1, 2, 3, 4, 5, 6, 7]",30.0,2,8,0.5805966650975449,0.004034948782001659,False,1500,1500,0.470682708821602,0.84894784360025,0.8627098344082079,mlp_cost_weighted,0.001,0.500682708821602,0.46625253986532156,0.8618031563047969,0.8664929127850767
nonlinear_interaction,51968,mlp_cost_weighted_5,mlp_cost_weighted,0.1,"[0, 1]","[0, 1, 2, 3, 4, 5, 6, 7]",30.0,2,8,0.5805966650975449,0.004034948782001659,False,1500,1500,0.470682708821602,0.84894784360025,0.8627098344082079,mlp_cost_weighted,0.003,0.560682708821602,0.46625253986532156,0.8618031563047969,0.8664929127850767
nonlinear_interaction,51968,mlp_free,mlp_free,0,[],"[0, 1]",0.0,0,2,0.6895458643583353,0.00025920404656737986,False,1500,0,0.7069645584252071,0.4394749635391347,0.4665433414865983,mlp_cost_weighted,0.01,0.7069645584252071,0.7065230321666943,0.455250959218042,0.47733655201453956
nonlinear_interaction,51968,logistic_free,logistic_free,0,[],"[0, 1]",0.0,0,2,,,,,0,0.6938642498037915,0.5041669560386137,0.49434780544045054,logistic_cost_weighted,0.0,0.6938642498037915,0.6973251811267827,0.4703033038768034,0.47632776170685476
nonlinear_interaction,51968,logistic_free,logistic_free,0,[],"[0, 1]",0.0,0,2,,,,,0,0.6938642498037915,0.5041669560386137,0.49434780544045054,logistic_cost_weighted,0.0005,0.6938642498037915,0.6973251811267827,0.4703033038768034,0.47632776170685476
nonlinear_interaction,51968,logistic_free,logistic_free,0,[],"[0, 1]",0.0,0,2,,,,,0,0.6938642498037915,0.5041669560386137,0.49434780544045054,logistic_cost_weighted,0.001,0.6938642498037915,0.6973251811267827,0.4703033038768034,0.47632776170685476
nonlinear_interaction,51968,logistic_free,logistic_free,0,[],"[0, 1]",0.0,0,2,,,,,0,0.6938642498037915,0.5041669560386137,0.49434780544045054,logistic_cost_weighted,0.003,0.6938642498037915,0.6973251811267827,0.4703033038768034,0.47632776170685476
nonlinear_interaction,51968,logistic_free,logistic_free,0,[],"[0, 1]",0.0,0,2,,,,,0,0.6938642498037915,0.5041669560386137,0.49434780544045054,logistic_cost_weighted,0.01,0.6938642498037915,0.6973251811267827,0.4703033038768034,0.47632776170685476
nonlinear_interaction,51968,mlp_all,mlp_all,0,"[0, 1, 2, 3, 4, 5]","[0, 1, 2, 3, 4, 5, 6, 7, 8, 9, 10, 11, 12, 13, 14, 15, 16, 17, 18, 19]",355.0,6,20,0.21630657339988793,0.0014874269296996918,False,1500,0,1.0538599477630635,0.722654350996597,0.7288638267272521,mlp_all,,,0.9169364523406723,0.7541623986527544,0.7695694117233961
nonlinear_interaction,51968,mlp_free,mlp_free,0,[],"[0, 1]",0.0,0,2,0.6895458643583353,0.00025920404656737986,False,1500,0,0.7069645584252071,0.4394749635391347,0.4665433414865983,mlp_free,,,0.7065230321666943,0.455250959218042,0.47733655201453956
nonlinear_interaction,51968,logistic_all,logistic_all,0,"[0, 1, 2, 3, 4, 5]","[0, 1, 2, 3, 4, 5, 6, 7, 8, 9, 10, 11, 12, 13, 14, 15, 16, 17, 18, 19]",355.0,6,20,,,,,0,0.6984900949933313,0.5101916799777763,0.49191726691770304,logistic_all,,,0.6954621320379327,0.530043924373687,0.5315615883225374
nonlinear_interaction,51968,logistic_free,logistic_free,0,[],"[0, 1]",0.0,0,2,,,,,0,0.6938642498037915,0.5041669560386137,0.49434780544045054,logistic_free,,,0.6973251811267827,0.4703033038768034,0.47632776170685476
